,CSUSHPISA,MORTGAGE30US,REAINTRATREARAT10Y,PSAVERT,CURRCIR,M2SL,INDPRO,UNRATE,CIVPART,CPIAUCSL,MICH,PCE,DSPIC96,TTLHHM156N,TOTALSL,DPSACBW027SBOG,MSACSR,SPREAD,GDPn,GDPr,GFC,Covid
1992-01-01,76.087,8.43,3.19854245,9.5,304.146,3381.2,61.4898,7.3,66.3,138.3,2.7,4084.7,7474.8,95776.0,798.98271,2473.1532,5.2,3.0,6315.72506222142,10177.8479087833,0,0
1992-02-01,76.156,8.76,3.62829159,9.8,301.542,3400.0,61.9299,7.4,66.2,138.6,2.6,4099.5,7507.2,95888.0,799.64038,2484.728,4.9,3.2800000000000002,6356.50307332598,10222.8681197931,0,0
1992-03-01,76.278,8.94,3.66026498,9.7,302.653,3403.9,62.449,7.4,66.4,139.1,2.6,4117.0,7513.8,95984.0,799.44211,2495.0398,6.1,3.56,6417.07786444543,10307.994876135,0,0
1992-04-01,76.346,8.85,3.78985987,9.8,305.007,3399.7,62.9312,7.4,66.5,139.4,3.0,4131.5,7535.0,96309.0,797.65814,2495.1205,6.1,3.7500000000000004,6443.25954373995,10314.3633666318,0,0
1992-05-01,76.399,8.67,3.74616997,9.8,307.8,3398.6,63.1359,7.6,66.6,139.7,2.9,4158.4,7570.2,96456.0,797.6679,2484.9213,6.0,3.57,6433.81019478882,10293.4286588597,0,0
1992-06-01,76.332,8.51,3.56857666,10.0,310.16,3393.4,63.1736,7.8,66.7,140.1,3.1,4177.1,7601.6,96586.0,797.27631,2480.2435,5.6,3.5,6535.21926146815,10433.8384122227,0,0
1992-07-01,76.264,8.13,3.35309944,9.5,313.067,3393.9,63.7408,7.7,66.7,140.5,2.7,4204.8,7595.9,96426.0,798.06816,2483.2688,5.3,3.59,6557.30366628735,10451.4014033632,0,0
1992-08-01,76.23100000000001,7.98,3.1248226,9.6,315.648,3398.8,63.3917,7.6,66.6,140.8,2.8,4220.9,7622.6,96383.0,799.8238,2485.1734,5.2,3.29,6556.89580685995,10431.1558914881,0,0
1992-09-01,76.23899999999999,7.92,2.95734236,8.6,318.242,3410.3,63.5927,7.6,66.5,141.1,3.0,4255.3,7586.9,96469.0,800.1989,2488.5423,5.0,3.1999999999999997,6585.72352684266,10465.8396872821,0,0
1992-10-01,76.377,8.09,2.72804375,7.9,320.192,3423.8,64.0282,7.3,66.2,141.7,2.8,4284.7,7537.9,96674.0,799.55599,2496.8837,5.1,3.4899999999999998,6637.24071676662,10525.040280529,0,0
1992-11-01,76.559,8.31,3.32463334,7.9,323.607,3426.5,64.2732,7.4,66.3,142.1,2.9,4300.5,7549.3,96766.0,802.69798,2500.8741,5.4,3.7800000000000002,6680.23262965584,10555.4685436058,0,0
1992-12-01,76.67399999999999,8.21,3.50968543,10.5,329.93,3424.7,64.3668,7.4,66.3,142.3,2.8,4336.4,7818.6,96665.0,806.11869,2497.4737,5.0,3.8499999999999996,6724.93565357308,10594.6802984364,0,0
1993-01-01,76.78399999999999,7.99,3.26790846,8.5,331.004,3419.1,64.6256,7.3,66.2,142.8,2.9,4340.7,7648.1,97001.0,809.32543,2490.1453,5.4,3.5799999999999996,6718.5074190551,10578.4159521124,0,0
1993-02-01,76.837,7.68,3.00478524,8.8,329.032,3414.5,64.929,7.1,66.2,143.1,3.2,4355.3,7684.5,97063.0,814.05892,2491.5555,5.3,3.23,6741.43037418919,10594.4593137538,0,0
1993-03-01,76.867,7.5,2.67342493,8.8,331.423,3411.7,64.872,7.0,66.2,143.3,3.1,4352.5,7660.8,97090.0,813.65629,2495.2723,5.4,2.9100000000000006,6728.43920676354,10555.1538533979,0,0
1993-04-01,76.936,7.47,2.77451693,8.7,335.24,3411.3,65.0611,7.1,66.1,143.8,3.0,4393.4,7700.6,97142.0,819.75694,2497.2182,4.7,3.01,6767.89014026366,10596.2366434347,0,0
1993-05-01,77.03699999999999,7.47,2.66472062,8.2,337.874,3436.9,64.8104,7.1,66.4,144.2,2.9,4422.4,7689.4,97195.0,819.75905,2519.8844,5.3,3.04,6824.30349982531,10659.3617762863,0,0
1993-06-01,77.243,7.42,2.76123734,7.7,342.488,3442.4,64.9553,7.0,66.5,144.3,3.5,4440.0,7675.1,97409.0,823.81181,2525.4133,5.2,2.92,6834.62335990271,10657.0951422835,0,0
1993-07-01,77.429,7.21,2.59179878,7.5,346.518,3442.0,65.1198,6.9,66.4,144.5,3.0,4468.9,7694.3,97703.0,829.51873,2521.3333,5.3,2.7499999999999996,6832.66355795935,10631.5896381434,0,0
1993-08-01,77.613,7.11,2.70290307,7.6,347.99,3445.7,65.0494,6.8,66.4,144.8,3.2,4481.1,7705.4,98203.0,834.23553,2516.7534,5.5,2.65,6874.14843033519,10675.0313145221,0,0
1993-09-01,77.795,6.92,2.45058069,6.8,350.609,3452.2,65.3882,6.7,66.2,145.0,3.0,4511.5,7684.4,98359.0,840.60298,2526.361,4.9,2.2700000000000005,6939.48201170808,10758.3326504275,0,0
1993-10-01,77.942,6.83,2.39884319,6.2,353.161,3456.7,65.8702,6.8,66.3,145.6,3.3,4532.8,7646.9,98472.0,847.61663,2517.6004,5.0,2.34,6944.53680486933,10753.400395376,0,0
1993-11-01,78.149,7.16,2.56229533,6.2,355.65,3470.1,66.1779,6.6,66.3,146.0,2.8,4554.1,7668.1,98579.0,856.52342,2521.1756,4.8,2.6999999999999997,7035.94344726745,10860.537654105,0,0
1993-12-01,78.32600000000001,7.17,2.72011647,9.0,361.769,3474.5,66.5602,6.5,66.4,146.3,3.0,4571.1,7929.4,98395.0,865.65058,2536.8683,4.5,2.8099999999999996,7060.73374786517,10887.1954015337,0,0
1994-01-01,78.59100000000001,7.06,2.77268493,7.0,363.472,3474.9,66.7722,6.6,66.6,146.3,2.8,4585.1,7780.4,97962.0,872.02182,2534.0105,5.9,2.7,7074.39000348501,10886.299405953,0,0
1994-02-01,78.727,7.15,2.62016875,6.4,363.041,3475.7,66.8068,6.6,66.6,146.7,2.8,4632.6,7795.0,98033.0,880.35286,2527.3608,5.0,2.7199999999999998,7122.90454015934,10947.6056771808,0,0
1994-03-01,78.85600000000001,7.68,2.97120305,6.7,366.398,3480.1,67.4832,6.5,66.5,147.1,3.0,4646.0,7820.5,97950.0,891.33316,2519.5671,4.8,3.1400000000000006,7149.66145634987,10982.6215350891,0,0
1994-04-01,78.987,8.32,3.65918278,6.3,370.681,3481.3,67.8771,6.4,66.5,147.2,3.0,4671.1,7820.4,98142.0,900.98953,2507.029,5.2,3.4099999999999997,7186.47379746954,11019.0889099987,0,0
1994-05-01,79.222,8.6,3.62457709,7.5,373.253,3490.8,68.1961,6.1,66.6,147.5,3.1,4669.5,7910.6,98214.0,912.8637,2516.7762,5.3,3.17,7290.04792407173,11127.6096430936,0,0
1994-06-01,79.423,8.4,3.59356552,6.8,378.375,3479.5,68.6526,6.1,66.4,147.9,2.7,4708.9,7898.1,98446.0,924.21602,2518.0015,6.2,2.8499999999999996,7264.27127845215,11114.5032462398,0,0
1994-07-01,79.595,8.61,3.7864194,6.9,383.478,3488.2,68.7353,6.1,66.4,148.4,2.9,4720.6,7905.0,98508.0,931.13474,2524.463,6.3,3.04,7299.32131445809,11118.5187070377,0,0
1994-08-01,79.782,8.51,3.58028405,6.4,384.194,3485.7,69.1954,6.0,66.6,149.0,3.1,4762.6,7914.4,98956.0,944.80317,2521.438,6.1,2.7700000000000005,7351.54351917898,11193.5682250774,0,0
1994-09-01,79.919,8.64,3.6371045,6.7,386.5,3486.1,69.4017,5.9,66.6,149.3,3.4,4775.0,7949.0,99316.0,957.3756,2522.6594,6.0,2.7299999999999995,7342.3601663699,11143.7430412168,0,0
1994-10-01,80.065,8.93,3.95662307,7.0,388.615,3484.3,69.969,5.8,66.7,149.4,3.0,4812.9,8024.4,99432.0,968.46871,2529.1626,5.6,2.9800000000000004,7429.1871888081,11246.9640530983,0,0
1994-11-01,80.15,9.17,4.10325275,6.9,393.215,3487.2,70.4367,5.6,66.7,149.8,3.2,4825.6,8023.9,99708.0,981.42611,2525.5246,6.3,2.67,7431.65395244113,11239.4596496662,0,0
1994-12-01,80.297,9.2,4.11695307,7.0,398.322,3486.4,71.1413,5.5,66.7,150.1,3.0,4841.6,8060.2,99640.0,997.30174,2530.674,6.6,2.3599999999999994,7505.02285875021,11353.0031451665,0,0
1995-01-01,80.42699999999999,9.15,4.24429022,7.3,400.687,3492.4,71.2762,5.6,66.8,150.5,3.0,4851.2,8086.0,99889.0,1010.39504,2543.1215,6.8,2.25,7542.27794083849,11356.4948438306,0,0
1995-02-01,80.528,8.83,4.05499673,7.7,396.37,3489.9,71.1904,5.4,66.8,150.9,3.0,4850.8,8102.0,99652.0,1018.55911,2544.9306,7.3,1.5499999999999998,7488.44572712239,11272.2017360728,0,0
1995-03-01,80.59899999999999,8.46,3.72098557,7.4,399.817,3491.1,71.2891,5.4,66.7,151.2,3.2,4885.4,8124.2,99776.0,1033.63209,2550.8648,6.8,1.2199999999999998,7536.14333204283,11331.1024412595,0,0
1995-04-01,80.661,8.32,3.6549273,6.8,404.773,3499.2,71.1623,5.8,66.9,151.8,3.3,4890.2,8064.0,99743.0,1043.69517,2552.4365,6.7,1.0099999999999998,7539.25560834126,11297.4004657933,0,0
1995-05-01,80.704,7.96,3.4204808,7.0,408.007,3524.2,71.5044,5.6,66.5,152.1,3.0,4933.1,8145.6,100013.0,1057.47083,2570.3742,6.3,0.6200000000000001,7560.6846320932,11327.5284360553,0,0
1995-06-01,80.78399999999999,7.57,2.90471287,6.5,409.062,3548.9,71.743,5.6,66.5,152.4,2.9,4977.5,8169.8,100041.0,1069.37791,2588.4987,5.8,0.16999999999999993,7643.05075956236,11436.6546292378,0,0
1995-07-01,80.937,7.61,2.93803016,6.9,411.218,3567.4,71.4459,5.7,66.6,152.6,2.9,4970.2,8187.8,99910.0,1077.737,2614.9421,5.6,0.4300000000000006,7630.41080159583,11379.8019732287,0,0
1995-08-01,81.11,7.86,3.14848844,6.6,410.193,3589.0,72.38,5.7,66.6,152.9,2.9,5005.3,8193.0,99910.0,1089.60205,2621.6778,6.1,0.75,7674.16073398516,11441.7486470446,0,0
1995-09-01,81.307,7.64,3.01759856,6.6,411.158,3602.1,72.6601,5.6,66.6,153.1,2.8,5020.5,8219.4,99802.0,1106.61268,2631.8293,6.3,0.40000000000000036,7744.80346441433,11529.941500098,0,0
1995-10-01,81.482,7.48,3.0097294,7.0,411.562,3613.4,72.5428,5.5,66.6,153.5,2.9,5013.9,8228.4,100363.0,1113.52851,2640.1257,6.3,0.28000000000000025,7747.15863961825,11480.5282015705,0,0
1995-11-01,81.619,7.38,2.88422441,6.4,413.359,3619.9,72.7178,5.6,66.5,153.7,2.8,5055.6,8250.5,100308.0,1132.16017,2639.1206,6.8,0.1299999999999999,7747.77262745445,11499.1652142094,0,0
1995-12-01,81.737,7.2,2.72215346,6.0,418.814,3629.5,72.9672,5.6,66.4,153.9,2.7,5097.5,8261.3,100417.0,1140.74436,2646.8729,6.4,0.11000000000000032,7822.82673292797,11605.6227369022,0,0
1996-01-01,81.834,7.03,2.64759197,6.5,418.642,3647.9,72.5866,5.6,66.4,154.7,2.8,5085.7,8272.1,100415.0,1153.2703,2681.6631,6.4,0.09000000000000075,7839.95755704617,11583.878783591,0,0
1996-02-01,81.954,7.08,2.59785872,6.6,412.776,3661.8,73.6389,5.5,66.6,155.0,2.8,5132.8,8335.8,100417.0,1163.09378,2676.1665,5.3,0.5899999999999999,7852.97103493453,11600.0689482016,0,0
1996-03-01,82.194,7.62,2.8972936,6.4,415.61,3686.9,73.5202,5.5,66.6,155.5,2.9,5173.3,8362.4,100585.0,1171.68426,2691.8582,6.2,0.96,7912.47540801795,11661.2254726814,0,0
1996-04-01,82.421,7.93,3.10833442,5.5,418.346,3697.7,74.2664,5.6,66.7,156.1,3.0,5208.0,8311.8,100826.0,1180.9031,2703.0552,6.0,1.29,8025.19629563498,11818.5669377865,0,0
1996-05-01,82.61,8.07,3.30502587,6.5,419.321,3709.6,74.8145,5.6,66.7,156.4,3.1,5223.8,8416.8,101157.0,1191.11369,2718.1631,5.9,1.5,8009.3070320013,11777.1315297726,0,0
1996-06-01,82.75200000000001,8.32,3.49408029,6.9,423.212,3722.5,75.3779,5.3,66.7,156.7,2.9,5229.8,8467.1,101264.0,1200.95002,2723.8678,6.0,1.6400000000000006,8064.0166723683,11830.6596549243,0,0
1996-07-01,82.929,8.25,3.36926055,6.5,427.991,3737.1,75.3754,5.5,66.9,157.0,3.0,5251.9,8444.0,101153.0,1211.89736,2735.4574,5.7,1.4699999999999998,8099.35444713499,11876.2673667449,0,0
1996-08-01,83.086,8.0,3.32941538,6.4,429.307,3744.0,75.7568,5.1,66.7,157.2,3.1,5275.0,8464.7,101076.0,1220.503,2742.7924,5.0,1.42,8123.03304024496,11909.6911321391,0,0
1996-09-01,83.256,8.23,3.52082209,6.4,431.945,3753.4,76.2304,5.2,66.9,157.7,3.2,5296.6,8483.9,101131.0,1225.27176,2763.6793,5.2,1.5300000000000002,8171.83651262291,11957.6826196439,0,0
1996-10-01,83.37700000000001,7.92,3.31834947,6.1,432.318,3772.8,76.2193,5.2,67.0,158.2,3.0,5328.5,8482.7,101230.0,1231.3361,2792.2353,5.6,1.29,8250.71234200307,12039.0391099708,0,0
1996-11-01,83.552,7.62,3.14164675,6.2,436.408,3795.1,76.8941,5.4,67.0,158.7,3.0,5351.2,8505.1,101201.0,1242.42191,2807.2612,5.2,0.8900000000000006,8281.79077470617,12061.6874023859,0,0
1996-12-01,83.721,7.6,2.95093511,6.1,443.041,3818.6,77.3731,5.4,67.0,159.1,3.0,5378.6,8533.1,101361.0,1253.43709,2829.1278,5.0,1.0099999999999998,8246.80988328272,12013.9650705224,0,0
1997-01-01,83.955,7.82,3.2548678,5.9,444.684,3834.6,77.5138,5.3,67.0,159.4,3.0,5411.1,8556.4,101374.0,1258.36528,2847.4318,4.7,1.33,8308.83795441977,12085.2345339167,0,0
1997-02-01,84.181,7.65,3.21337489,6.0,440.803,3846.3,78.4246,5.2,66.9,159.7,3.0,5434.0,8579.2,101825.0,1261.85081,2864.8209,4.5,1.2299999999999995,8385.61078299557,12170.7353524657,0,0
1997-03-01,84.45200000000001,7.9,3.3085558,6.1,443.188,3861.2,78.9266,5.2,67.1,159.8,2.8,5454.2,8619.0,101905.0,1264.14634,2892.7243,4.1,1.3000000000000007,8393.51626258903,12091.7627741826,0,0
1997-04-01,84.62299999999999,8.14,3.55047337,6.2,445.724,3877.0,78.9924,5.1,67.1,159.9,3.0,5459.3,8624.5,101886.0,1274.08738,2912.7913,4.7,1.38,8511.39967220518,12359.8467852702,0,0
1997-05-01,84.86200000000001,7.94,3.43698117,6.5,448.445,3889.2,79.4411,4.9,67.1,159.9,2.9,5460.2,8661.9,102090.0,1278.67842,2922.7936,4.6,1.21,8476.50486594665,12240.885039882,0,0
1997-06-01,85.08,7.69,3.27910832,6.3,451.597,3906.0,79.8048,5.0,67.1,160.2,2.8,5494.2,8689.7,102162.0,1282.85852,2951.2238,4.4,0.9300000000000006,8568.57046184934,12352.2256294603,0,0
1997-07-01,85.33200000000001,7.5,3.19987642,5.8,455.553,3923.9,80.48,4.9,67.2,160.4,2.7,5548.8,8723.1,102249.0,1288.78203,2980.6107,4.4,0.7000000000000002,8620.37136015646,12449.6217480541,0,0
1997-08-01,85.573,7.48,3.0885119,5.7,456.212,3957.4,81.2862,4.8,67.2,160.8,2.7,5587.0,8768.6,102371.0,1294.21924,3007.3333,4.3,0.7599999999999998,8655.67065516858,12482.0845227154,0,0
1997-09-01,85.851,7.43,3.15086952,5.9,458.926,3973.1,82.038,4.9,67.1,161.2,2.8,5601.7,8791.5,102680.0,1301.63497,3022.3058,4.2,0.6699999999999999,8712.42698466326,12482.6414494689,0,0
1997-10-01,86.147,7.29,3.01659074,5.9,459.988,3992.3,82.7657,4.7,67.1,161.5,2.8,5637.7,8834.8,102742.0,1309.38939,3046.7927,4.3,0.5300000000000002,8748.28338850791,12563.2151485422,0,0
1997-11-01,86.633,7.21,2.97295683,6.1,465.886,4014.8,83.4321,4.6,67.2,161.7,2.9,5661.1,8892.2,102739.0,1312.45718,3069.0808,3.9,0.3600000000000003,8736.38117946885,12535.8850047303,0,0
1997-12-01,87.09299999999999,7.1,2.91985104,6.1,475.1,4032.9,83.7826,4.7,67.2,161.8,2.8,5692.1,8944.3,102392.0,1324.75733,3078.7927,4.4,0.3099999999999996,8813.05643202766,12634.6563267209,0,0
1998-01-01,87.615,6.99,2.84030163,7.0,474.597,4056.2,84.1656,4.6,67.1,162.0,2.3,5689.9,9022.9,102875.0,1320.04402,3082.1889,4.0,-0.019999999999999574,8772.70256328555,12571.1371083613,0,0
1998-02-01,88.00299999999999,7.04,2.77706891,7.0,471.366,4088.9,84.3048,4.6,67.1,162.0,2.4,5723.8,9081.2,103014.0,1324.34272,3113.1966,3.9,0.0600000000000005,8894.51694179229,12753.623999941,0,0
1998-03-01,88.44200000000001,7.13,2.85251196,7.1,473.547,4114.3,84.3416,4.7,67.1,162.0,2.5,5750.3,9134.4,103370.0,1332.90344,3154.3869,4.1,0.16000000000000014,8932.22049491998,12787.6441746681,0,0
1998-04-01,88.87899999999999,7.14,2.84606553,6.9,475.776,4140.2,84.6263,4.3,67.0,162.2,2.4,5788.1,9164.1,103530.0,1360.45629,3165.9698,4.0,0.1899999999999995,8925.51520480501,12761.5627297647,0,0
1998-05-01,89.36399999999999,7.14,2.89304228,6.6,478.588,4164.4,85.1839,4.4,67.0,162.6,2.6,5837.9,9202.0,103417.0,1363.08086,3167.913,3.9,0.16000000000000014,8953.12691506874,12795.0290956885,0,0
1998-06-01,89.845,7.0,2.87099745,6.5,481.339,4184.1,84.6809,4.5,67.0,162.8,2.7,5871.7,9254.2,103617.0,1373.94233,3189.1505,3.8,-0.05999999999999961,9030.45488012845,12908.3673943363,0,0
1998-07-01,90.31,6.95,2.77070571,6.6,485.205,4203.8,84.3448,4.5,67.0,163.2,2.6,5890.0,9270.0,103396.0,1380.72085,3189.7955,4.0,-0.08000000000000007,9049.66624957995,12879.5323397932,0,0
1998-08-01,90.786,6.92,2.77934018,6.5,487.758,4228.7,86.0846,4.5,67.0,163.4,2.4,5925.0,9299.3,103346.0,1386.66645,3215.1735,4.1,-0.20999999999999996,9100.79176474599,12947.9118842735,0,0
1998-09-01,91.259,6.72,2.49623921,6.1,492.11,4267.6,85.9945,4.6,67.2,163.5,2.3,5965.6,9325.5,103735.0,1397.28973,3238.0575,4.1,-0.7000000000000002,9212.8329856733,13121.5135225009,0,0
1998-10-01,91.717,6.71,1.93514547,5.9,496.28,4307.7,86.5967,4.5,67.2,163.9,2.5,5998.8,9337.5,103910.0,1405.39666,3260.325,4.0,-0.54,9266.78962560379,13165.8863376434,0,0
1998-11-01,92.2,6.87,2.22103048,6.0,501.453,4346.4,86.5114,4.4,67.1,164.1,2.3,6015.4,9374.6,104022.0,1408.44269,3287.8945,3.5,0.0,9307.07769813419,13218.8948552684,0,0
1998-12-01,92.712,6.74,2.22957981,5.5,509.949,4375.2,86.8608,4.4,67.2,164.4,2.5,6070.5,9391.7,104175.0,1420.99644,3292.9977,3.8,-0.02999999999999936,9308.10567626915,13190.9007297609,0,0
1999-01-01,93.208,6.79,2.30815245,6.1,511.037,4402.6,87.2277,4.3,67.2,164.7,2.7,6073.9,9444.1,104285.0,1431.23693,3310.0069,3.9,0.08999999999999986,9357.78968034948,13223.6733934564,0,0
1999-02-01,93.672,6.81,2.36759019,6.0,509.743,4425.3,87.7266,4.4,67.2,164.7,2.5,6099.2,9476.2,104436.0,1441.31459,3312.4343,4.0,0.2400000000000002,9410.98078396814,13327.5915201,0,0
1999-03-01,94.218,7.04,2.71035881,5.6,514.41,4432.1,87.9203,4.2,67.0,164.8,2.7,6133.0,9484.1,104661.0,1450.87882,3324.3719,4.1,0.4200000000000008,9466.27553568477,13396.2248356585,0,0
1999-04-01,94.785,6.92,2.67778993,4.7,519.339,4460.7,88.1153,4.3,67.1,165.9,2.7,6199.5,9453.0,104522.0,1457.67057,3326.1829,3.9,0.4399999999999995,9496.04315736452,13396.4418823323,0,0
1999-05-01,95.344,7.15,2.70423805,4.4,522.494,4485.3,88.6554,4.2,67.1,166.0,2.8,6232.1,9469.3,104855.0,1468.14661,3336.6627,4.0,0.7999999999999998,9536.78422359056,13442.7642500845,0,0
1999-06-01,95.974,7.55,3.11656311,4.3,528.507,4507.2,88.5958,4.3,67.1,166.0,2.5,6260.3,9501.3,105070.0,1479.31532,3346.4575,3.9,1.1400000000000006,9545.80261903771,13441.8213086168,0,0
1999-07-01,96.592,7.63,3.0055618,4.4,533.772,4534.5,89.1235,4.3,67.1,166.7,2.7,6287.6,9519.0,105016.0,1492.3776,3355.2124,4.0,0.7999999999999998,9659.16286339771,13562.5182335558,0,0
1999-08-01,97.219,7.94,3.10154331,4.3,535.749,4551.7,89.5116,4.2,67.0,167.1,2.8,6331.9,9559.1,105166.0,1503.22661,3354.3196,4.0,0.8700000000000001,9660.67606631321,13601.7190394697,0,0
1999-09-01,97.862,7.82,3.16946543,3.7,541.305,4567.7,89.1361,4.2,67.0,167.8,2.7,6386.5,9546.7,105239.0,1511.05926,3370.1605,4.5,0.7000000000000002,9740.03907028724,13650.7999261115,0,0
1999-10-01,98.523,7.85,3.14292186,4.0,550.011,4591.5,90.2842,4.1,67.0,168.1,2.9,6411.4,9598.7,105335.0,1517.28183,3395.7245,4.2,0.9100000000000001,9819.69015758625,13720.4821011483,0,0
1999-11-01,99.154,7.74,3.14725353,4.1,565.429,4610.5,90.7631,4.1,67.1,168.4,2.9,6448.7,9660.9,105309.0,1525.33442,3424.7807,4.3,0.6100000000000003,9890.76133659228,13812.0058805619,0,0
1999-12-01,99.844,7.91,3.1922035,3.7,595.97,4638.0,91.4926,4.0,67.1,168.8,3.0,6541.0,9735.9,105214.0,1531.10596,3473.3125,4.3,0.9800000000000004,9990.05550581219,13951.8466462592,0,0
2000-01-01,100.552,8.21,3.41105112,4.5,594.679,4666.2,91.4251,4.0,67.3,169.3,3.0,6542.9,9799.9,105106.0,1538.52018,3479.4628,4.3,1.21,9924.2655858249,13812.3735451116,0,0
2000-02-01,101.339,8.33,3.51334339,4.0,566.144,4679.4,91.7357,4.1,67.3,170.0,2.9,6625.3,9837.9,105507.0,1549.18529,3493.9912,4.3,0.7899999999999991,9995.33512342703,13871.4880328886,0,0
2000-03-01,102.127,8.24,3.44034736,3.8,563.705,4710.2,92.0933,4.0,67.3,171.0,3.2,6686.5,9864.0,105267.0,1561.45069,3522.3426,4.3,0.41000000000000014,10086.9362907536,13951.1006466194,0,0
2000-04-01,102.922,8.15,3.20296665,4.3,564.734,4766.1,92.6838,3.8,67.3,170.9,3.2,6679.1,9913.7,105224.0,1570.52774,3555.9737,4.4,-0.02999999999999936,10224.8569601036,14133.2121117867,0,0
2000-05-01,103.678,8.52,3.3605311,4.3,565.836,4753.9,92.9376,4.0,67.1,171.2,3.0,6709.7,9954.5,105353.0,1583.50792,3572.8292,4.4,0.17000000000000082,10232.0352118877,14113.3773965955,0,0
2000-06-01,104.424,8.29,3.1278929,4.3,568.333,4771.8,93.0076,4.0,67.1,172.2,2.9,6746.9,9982.3,105312.0,1609.54804,3593.9513,4.8,-0.4300000000000006,10286.2678280114,14146.5320773134,0,0
2000-07-01,105.054,8.15,3.06235485,4.7,571.216,4789.4,92.8458,4.0,66.9,172.7,3.0,6768.5,10035.9,105693.0,1629.75144,3624.5629,4.1,-0.4900000000000002,10234.1998529404,14056.7196037601,0,0
2000-08-01,105.768,8.03,3.04561328,4.8,569.313,4817.5,92.5972,4.1,66.9,172.7,2.7,6802.8,10098.3,105647.0,1651.6154,3649.2123,4.4,-0.6699999999999999,10336.0396230045,14171.4245844507,0,0
2000-09-01,106.538,7.91,2.88599618,4.1,570.677,4853.2,92.9653,3.9,66.9,173.6,2.9,6888.6,10110.3,106061.0,1669.00081,3668.3001,4.0,-0.7199999999999998,10384.2555240501,14208.0732468986,0,0
2000-10-01,107.383,7.8,2.87662559,4.3,571.48,4869.2,92.6418,3.9,66.8,173.9,3.2,6893.8,10139.2,106360.0,1684.59932,3675.5809,4.0,-0.7699999999999996,10435.2226811796,14247.1567585319,0,0
2000-11-01,108.302,7.75,2.83313793,4.3,575.002,4880.3,92.6618,3.9,66.9,174.2,2.9,6909.8,10143.5,106364.0,1700.94454,3673.2537,4.2,-0.79,10445.4599920935,14232.5394417579,0,0
2000-12-01,109.14,7.38,2.63921042,4.1,583.118,4925.0,92.3459,3.9,67.0,174.6,2.8,6952.2,10164.3,106754.0,1716.96972,3715.2678,3.6,-1.1600000000000001,10426.5493267167,14210.5713069177,0,0
2001-01-01,109.846,7.03,2.25143294,4.5,585.106,4975.7,91.8903,4.2,67.2,175.6,3.0,6987.4,10211.7,106685.0,1729.85168,3760.4565,3.8,-0.8200000000000003,10467.691909442,14214.4817535484,0,0
2001-02-01,110.501,7.05,2.26701398,4.6,582.524,5014.1,91.2915,4.2,67.1,176.0,2.8,7001.8,10223.4,106829.0,1748.70202,3774.033,3.7,-0.39000000000000057,10463.0285006992,14185.3523115469,0,0
2001-03-01,111.109,6.95,2.26729473,4.9,585.082,5072.0,91.0526,4.3,67.2,176.1,2.8,6996.7,10254.4,106866.0,1760.54184,3801.2481,3.8,-0.41999999999999993,10479.9725898637,14150.9978836551,0,0
2001-04-01,111.652,7.08,2.22098391,4.8,587.928,5135.9,90.7293,4.4,66.9,176.4,3.1,7004.2,10233.1,106753.0,1773.09833,3844.9016,3.9,0.33999999999999986,10565.3472851811,14259.7013487287,0,0
2001-05-01,112.164,7.15,2.43341797,4.3,590.873,5133.0,90.2577,4.3,66.7,177.3,3.2,7052.8,10214.7,106807.0,1781.17746,3863.161,4.0,1.1799999999999997,10640.0200495179,14328.024039426,0,0
2001-06-01,112.796,7.16,2.52645602,4.2,594.37,5173.5,89.7677,4.5,66.7,177.7,3.0,7069.7,10218.1,106736.0,1792.36809,3879.5494,4.2,1.31,10591.632665307,14228.9490044869,0,0
2001-07-01,113.491,7.13,2.52836744,5.4,600.387,5203.4,89.226,4.6,66.8,177.4,2.6,7082.3,10370.7,106685.0,1797.35057,3893.8175,4.2,1.4700000000000002,10585.1642504692,14183.2212212273,0,0
2001-08-01,114.168,6.95,2.33436142,6.5,606.133,5237.2,89.1326,4.9,66.5,177.4,2.7,7121.7,10543.1,106766.0,1806.35904,3908.2958,4.4,1.3199999999999998,10699.2026532472,14347.2253131067,0,0
2001-09-01,114.812,6.82,2.17776797,6.9,613.558,5348.4,88.6679,5.0,66.8,178.1,2.8,7007.0,10452.8,107089.0,1814.25238,4040.8883,4.4,1.6600000000000006,10509.693096265,14114.575933236,0,0
2001-10-01,115.31,6.62,1.98693245,2.9,615.01,5337.1,88.3926,5.3,66.7,177.6,1.0,7212.9,10267.7,107432.0,1829.84026,3990.5515,4.3,2.08,10639.7662143181,14235.1400562421,0,0
2001-11-01,115.857,6.66,1.81476553,3.4,621.87,5380.8,87.8774,5.5,66.7,177.5,0.4,7182.3,10279.7,107669.0,1857.84279,4024.3034,4.1,2.5600000000000005,10587.6510515931,14159.4131142944,0,0
2001-12-01,116.455,7.07,2.0405763,3.7,630.276,5433.8,87.8344,5.7,66.7,177.4,1.8,7166.7,10298.9,107798.0,1867.85287,4077.1678,3.8,3.2699999999999996,10753.9777341012,14367.9745264784,0,0
2002-01-01,117.144,7.0,2.52349996,5.6,635.429,5454.1,88.4665,5.7,66.5,177.7,1.9,7184.6,10514.7,104481.0,1867.41869,4091.5752,4.2,3.31,10786.8985993465,14408.6872700904,0,0
2002-02-01,117.844,6.89,2.40007343,5.4,635.884,5483.4,88.4661,5.7,66.8,178.0,2.1,7225.2,10531.6,104385.0,1881.90537,4123.7998,4.0,3.17,10748.9108030786,14322.7644426106,0,0
2002-03-01,118.687,7.01,2.42129018,5.5,639.698,5495.2,89.1228,5.7,66.6,178.5,2.7,7243.4,10539.0,104396.0,1894.69033,4139.6673,4.1,3.5500000000000003,10814.6905975735,14388.7769711611,0,0
2002-04-01,119.61,6.99,2.70112632,5.4,643.58,5495.4,89.5532,5.9,66.7,179.3,2.8,7312.5,10574.2,104718.0,1903.95799,4143.3561,4.3,3.46,10858.4053396133,14444.8213855478,0,0
2002-05-01,120.724,6.81,2.35054993,6.1,648.293,5521.5,89.934,5.8,66.7,179.5,2.7,7288.9,10616.5,105092.0,1914.61399,4168.0837,4.0,3.41,10870.0616402942,14442.5450681907,0,0
2002-06-01,121.813,6.65,2.31986391,6.1,654.774,5546.5,90.6769,5.8,66.6,179.6,2.7,7322.5,10648.2,105023.0,1927.18098,4173.467,4.2,3.1799999999999997,10933.9130200868,14497.0235621616,0,0
2002-07-01,122.888,6.49,2.14192855,5.3,660.96,5589.1,90.6455,5.8,66.5,180.0,2.6,7387.3,10621.0,105100.0,1939.2114,4211.7213,4.2,2.9200000000000004,11001.8492802538,14575.3057212931,0,0
2002-08-01,123.83,6.29,1.74226259,5.2,660.558,5631.6,90.5475,5.7,66.6,180.5,2.6,7412.6,10623.0,105128.0,1947.50009,4246.6593,4.0,2.5199999999999996,10952.3360290663,14491.469876546,0,0
2002-09-01,124.78,6.09,1.44610825,5.8,662.189,5656.0,90.6381,5.7,66.7,180.8,2.5,7391.5,10633.6,105244.0,1950.65139,4271.0842,3.9,2.12,10997.9346906768,14493.7259763063,0,0
2002-10-01,125.734,6.11,1.26869564,5.6,662.238,5700.4,90.4041,5.7,66.6,181.2,2.5,7435.2,10661.8,105337.0,1957.1513,4331.6545,4.0,2.19,10999.0573364679,14481.077859857,0,0
2002-11-01,126.669,6.07,1.39558681,5.6,667.444,5750.6,90.8985,5.9,66.4,181.5,2.4,7463.8,10690.9,105296.0,1965.17913,4359.5423,4.0,2.71,11053.2507425282,14523.6406042686,0,0
2002-12-01,127.623,6.05,1.69225366,5.3,676.472,5772.0,90.389,6.0,66.3,181.8,2.5,7519.9,10719.9,105387.0,1972.11221,4356.5965,4.0,2.79,11131.9909210027,14609.3852095921,0,0
2003-01-01,128.461,5.92,1.48820174,5.3,679.411,5804.6,91.1355,5.8,66.4,182.6,2.5,7541.3,10710.4,105513.0,1982.56131,4367.884,4.0,2.8099999999999996,11135.8439434347,14595.9083278768,0,0
2003-02-01,129.356,5.84,1.466379,5.2,679.832,5840.7,91.2502,5.9,66.4,183.6,2.7,7548.6,10674.0,105432.0,1993.40569,4416.5134,4.5,2.6399999999999997,11210.3581564174,14652.4073386673,0,0
2003-03-01,130.148,5.75,1.22359095,4.9,683.413,5861.4,91.0059,5.9,66.3,183.9,3.1,7611.5,10696.5,105277.0,2001.20815,4440.3257,4.1,2.56,11176.1849001602,14595.6849729121,0,0
2003-04-01,130.884,5.81,1.30961847,5.0,687.055,5898.8,90.4281,6.0,66.4,183.2,2.4,7634.5,10752.7,105470.0,2014.09978,4453.3206,4.1,2.7,11256.9406870638,14673.4478007643,0,0
2003-05-01,131.734,5.48,1.37072098,5.3,690.521,5959.3,90.4073,6.1,66.4,182.9,2.0,7650.3,10832.0,105507.0,2027.50251,4495.1177,3.9,2.3099999999999996,11275.2275038008,14690.1769490479,0,0
2003-06-01,132.649,5.23,0.90511574,5.1,691.954,5996.0,90.5218,6.3,66.5,183.1,2.1,7699.6,10860.6,105449.0,2033.26841,4535.4967,3.5,2.1100000000000003,11406.1298091585,14869.0328286246,0,0
2003-07-01,133.77700000000002,5.63,1.12868896,5.9,694.257,6042.7,90.9896,6.2,66.2,183.7,1.7,7757.0,10991.1,105314.0,2040.06439,4581.8834,3.6,2.9699999999999998,11468.5959385064,14910.2454255243,0,0
2003-08-01,134.968,6.26,1.75170446,5.7,694.696,6100.8,90.7858,6.1,66.1,184.5,2.5,7852.1,11066.7,105470.0,2049.12434,4619.6236,3.5,3.42,11567.4984012629,14985.3522291939,0,0
2003-09-01,136.29399999999998,6.15,1.89723825,4.9,697.699,6072.8,91.3829,6.1,66.1,185.1,2.8,7853.7,10940.8,105713.0,2057.09079,4608.5342,3.8,3.26,11663.9126601765,15072.779217788,0,0
2003-10-01,137.532,5.95,1.38081936,5.0,700.706,6063.6,91.5005,6.0,66.1,184.9,2.6,7867.4,10982.3,105750.0,2065.4951,4584.9489,3.8,3.2800000000000002,11699.7518113968,15093.0211433384,0,0
2003-11-01,138.79399999999998,5.93,1.71390165,5.0,706.305,6069.1,92.1265,5.8,66.1,185.0,2.7,7922.6,11048.4,105810.0,2066.40009,4605.3421,4.1,3.3,11786.1295083595,15181.9735257497,0,0
2003-12-01,140.18,5.88,1.71357266,5.0,716.191,6067.3,92.1722,5.7,65.9,185.5,2.6,7950.4,11057.2,106014.0,2077.36069,4624.3563,4.0,3.2899999999999996,11830.8206801846,15215.2590675956,0,0
2004-01-01,141.64700000000002,5.71,1.70195436,4.6,713.752,6075.5,92.327,5.7,66.1,186.3,2.7,8007.1,11051.2,105803.0,2088.24304,4658.4311,3.8,3.1500000000000004,11805.9275343249,15134.4124153772,0,0
2004-02-01,143.192,5.64,1.57158074,4.6,713.25,6114.3,92.8873,5.6,66.0,186.7,2.6,8040.4,11071.0,106006.0,2095.34036,4706.3547,3.7,3.0700000000000003,11926.537829629,15258.5401866006,0,0
2004-03-01,145.059,5.45,1.47016466,4.5,713.923,6150.1,92.5325,5.8,66.0,187.1,2.9,8098.8,11115.6,105802.0,2109.72032,4770.9644,3.6,2.83,12037.8756360561,15355.0696744973,0,0
2004-04-01,146.593,5.83,1.35814941,4.9,716.778,6191.2,92.9096,5.6,65.9,187.4,3.2,8107.2,11153.3,105939.0,2112.71615,4819.7622,4.0,3.3499999999999996,12036.1443666828,15311.3802754558,0,0
2004-05-01,148.185,6.27,1.88324516,4.8,719.679,6268.1,93.5838,5.6,66.0,188.2,3.3,8176.5,11208.9,106208.0,2120.83915,4904.2234,3.8,3.7199999999999998,12175.7523540124,15446.4914864193,0,0
2004-06-01,149.85,6.29,1.94657611,5.4,726.437,6270.5,92.8621,5.6,66.1,188.9,3.3,8157.6,11215.8,106051.0,2127.98941,4937.1511,3.9,3.7,12126.5482793227,15344.743119486,0,0
2004-07-01,151.33700000000002,6.06,1.93379862,4.7,734.828,6284.3,93.5511,5.5,66.1,189.1,3.0,8236.9,11240.5,106379.0,2137.09298,4989.6608,4.5,3.24,12279.4064822905,15482.6848251919,0,0
2004-08-01,152.63299999999998,5.87,1.85580269,4.7,734.62,6310.6,93.6328,5.4,66.0,189.2,2.8,8271.6,11274.6,107026.0,2143.43512,5003.1132,4.3,2.8500000000000005,12300.4771047866,15520.929247377,0,0
2004-09-01,154.178,5.75,1.48469164,4.1,738.149,6345.3,93.7418,5.4,65.8,189.8,2.8,8341.5,11279.6,107205.0,2160.1483,5040.878,4.1,2.5199999999999996,12336.037412991,15536.3419780647,0,0
2004-10-01,155.75,5.72,1.6871063,3.9,740.816,6373.3,94.5671,5.5,65.9,190.8,3.1,8397.1,11282.5,107511.0,2176.71934,5068.2226,3.9,2.34,12471.3947478717,15653.5085367331,0,0
2004-11-01,157.52700000000002,5.73,1.60768876,3.4,746.581,6399.8,94.8,5.4,66.0,191.7,2.8,8444.5,11246.1,107636.0,2183.74635,5115.4832,4.3,2.2600000000000007,12514.8558665566,15649.603215839,0,0
2004-12-01,159.329,5.75,1.90953662,6.2,753.395,6418.3,95.5426,5.4,65.9,191.7,3.0,8504.4,11659.0,107490.0,2192.24617,5155.5819,4.1,2.0700000000000003,12595.3913856431,15711.6314608193,0,0
2005-01-01,161.287,5.71,1.7792759,2.7,750.197,6424.5,95.8831,5.3,65.8,191.6,2.9,8497.7,11226.5,107776.0,2196.77763,5190.9809,4.4,1.94,12747.9404894611,15854.7529877414,0,0
2005-02-01,163.343,5.63,1.81315912,2.3,750.39,6432.8,96.5616,5.4,65.9,192.4,2.9,8559.1,11229.0,108070.0,2211.55871,5218.1003,4.3,1.67,12751.0694043274,15826.0484819142,0,0
2005-03-01,165.812,5.93,1.97934111,2.5,752.083,6441.9,96.4371,5.2,65.9,193.1,3.2,8598.4,11268.8,107420.0,2220.19919,5247.5994,4.1,1.87,12802.8481062015,15855.5261891671,0,0
2005-04-01,167.50099999999998,5.86,2.02052684,2.1,753.66,6455.9,96.628,5.2,66.1,193.7,3.3,8678.4,11304.2,107560.0,2232.53538,5288.4909,4.3,1.5499999999999998,12859.2896264146,15896.6536188462,0,0
2005-05-01,169.35,5.72,1.78986568,2.6,754.184,6473.3,96.7306,5.1,66.1,193.6,3.2,8671.6,11352.7,107872.0,2232.67152,5301.5635,4.2,1.1399999999999997,12881.931928721,15863.4049055693,0,0
2005-06-01,171.19,5.58,1.66688811,2.0,759.996,6505.8,97.1488,5.0,66.1,193.7,3.2,8753.4,11375.5,108117.0,2247.83343,5367.7354,4.3,0.96,13026.7464448422,16010.340458128,0,0
2005-07-01,172.86,5.7,1.82002108,1.4,763.847,6537.4,96.8383,5.0,66.1,194.9,3.0,8853.8,11387.1,108330.0,2257.23094,5399.2837,4.2,0.9199999999999999,13096.0600117345,16037.2380980333,0,0
2005-08-01,174.44299999999998,5.82,2.00821677,2.0,763.347,6570.2,97.1603,4.9,66.2,196.1,3.1,8850.1,11405.3,108448.0,2267.04488,5464.2505,4.5,0.7599999999999998,13153.2235830099,16078.0628647454,0,0
2005-09-01,176.437,5.77,1.73569017,2.0,767.94,6604.3,95.2729,5.0,66.1,198.8,4.3,8900.4,11365.2,108517.0,2271.63328,5505.8258,4.7,0.5800000000000001,13178.642405317,16029.5570088351,0,0
2005-10-01,178.02700000000002,6.07,1.96704484,2.3,768.814,6638.6,96.4383,5.0,66.1,199.1,4.6,8938.5,11428.7,108636.0,2276.84314,5532.2032,4.5,0.6800000000000002,13235.1268383634,16064.1259465913,0,0
2005-11-01,179.68,6.33,2.07568901,2.6,774.619,6655.0,97.4951,5.0,66.0,198.1,3.3,8946.2,11500.1,108857.0,2283.66127,5554.9854,5.0,0.54,13300.2971637383,16112.961192985,0,0
2005-12-01,180.909,6.27,2.01834727,2.5,783.336,6681.9,97.9788,4.9,66.0,198.1,3.1,8981.1,11535.2,109171.0,2290.92813,5591.3402,4.9,0.3099999999999996,13437.1879979322,16235.172246679,0,0
2006-01-01,182.32,6.15,2.06484172,3.0,786.823,6724.3,98.1305,4.7,66.0,199.3,3.0,9071.6,11651.8,109402.0,2367.47108,5637.6999,5.3,0.1299999999999999,13517.449011503,16315.521775789,0,0
2006-02-01,183.287,6.25,2.20441278,3.2,785.378,6748.6,98.1779,4.8,66.1,199.4,3.0,9096.0,11702.8,109368.0,2374.97732,5668.0783,6.1,0.08000000000000007,13569.2570825437,16307.68061687,0,0
2006-03-01,184.364,6.32,2.38362088,3.3,788.916,6762.9,98.3898,4.7,66.2,199.7,3.0,9132.9,11747.5,109098.0,2385.80789,5708.4287,5.9,0.1299999999999999,13710.7739059524,16440.3106626093,0,0
2006-04-01,184.329,6.51,2.35839303,3.1,790.544,6800.1,98.6769,4.7,66.1,200.7,3.3,9191.6,11744.4,109353.0,2397.6806,5770.1905,6.3,0.20000000000000018,13694.9479203302,16370.0017334285,0,0
2006-05-01,184.156,6.6,2.40637015,2.9,794.306,6806.9,98.7052,4.6,66.1,201.3,4.0,9231.8,11736.8,109623.0,2407.16145,5789.3546,6.2,0.16999999999999993,13782.6333799968,16416.9386453673,0,0
2006-06-01,183.507,6.68,2.45080986,2.9,794.297,6844.9,99.0427,4.6,66.2,201.8,3.3,9259.6,11751.9,109373.0,2395.81318,5816.3345,6.3,0.1200000000000001,13782.6906996774,16403.636484235,0,0
2006-07-01,183.066,6.76,2.49634953,2.3,795.918,6886.3,98.9804,4.7,66.1,202.9,3.2,9343.8,11746.9,109504.0,2403.09925,5862.0128,7.3,-0.15000000000000036,13791.1779061603,16365.8257972585,0,0
2006-08-01,182.594,6.52,2.2982861,2.5,793.601,6917.1,99.4106,4.7,66.2,203.8,3.8,9342.2,11737.0,109611.0,2415.73203,5874.058,6.7,-0.3700000000000001,13885.2571309844,16421.5602294802,0,0
2006-09-01,182.797,6.4,2.20605719,2.4,794.469,6944.2,99.2207,4.5,66.1,202.8,3.1,9375.4,11800.1,109773.0,2426.81323,5915.3529,6.7,-0.5300000000000002,13934.1289629014,16477.0620273919,0,0
2006-10-01,183.197,6.36,2.21206207,2.4,794.139,6993.3,99.1253,4.4,66.2,201.9,3.1,9393.6,11853.7,110020.0,2429.39986,6021.5281,7.3,-0.5199999999999996,13967.0581859147,16489.3956756044,0,0
2006-11-01,183.608,6.24,2.1998854,2.7,800.542,7028.4,99.0969,4.5,66.3,202.0,3.0,9400.2,11901.9,109937.0,2440.74907,6060.8847,6.6,-0.6500000000000004,14059.521740672,16600.8278236519,0,0
2006-12-01,184.138,6.14,2.12213778,2.6,809.326,7071.6,100.1122,4.4,66.4,203.1,2.9,9488.3,11958.6,109838.0,2456.7157,6099.6894,6.5,-0.6800000000000006,14092.10007343,16597.6301374166,0,0
2007-01-01,184.517,6.22,2.14807579,2.4,808.848,7109.6,99.7571,4.6,66.4,203.437,3.0,9538.7,11956.6,109807.0,2457.94558,6141.8129,7.2,-0.4900000000000002,14134.0755417672,16578.4901560182,0,0
2007-02-01,184.598,6.29,2.28715091,2.8,805.364,7125.3,100.7275,4.5,66.3,204.226,3.0,9566.0,11996.0,109700.0,2470.04992,6181.5218,7.9,-0.54,14286.5297332038,16680.7968931949,0,0
2007-03-01,184.15,6.16,2.0249864,3.0,806.34,7159.1,100.9023,4.4,66.2,205.288,3.0,9611.7,12035.1,109606.0,2484.43318,6193.8506,7.9,-0.7000000000000002,14226.3477250482,16577.915511981,0,0
2007-04-01,183.01,6.18,2.07748685,3.0,807.557,7231.3,101.5874,4.5,65.9,205.904,3.3,9643.6,12052.8,110197.0,2493.72977,6265.4605,7.4,-0.5599999999999996,14362.6404138672,16711.3477328426,0,0
2007-05-01,181.6,6.26,2.0318442,2.8,809.5,7245.4,101.6299,4.4,66.0,206.755,3.3,9685.8,12059.9,110541.0,2510.01606,6290.2198,7.8,-0.5,14401.0149898719,16701.7568851418,1,0
2007-06-01,180.253,6.66,2.24630973,2.7,811.079,7278.6,101.6482,4.6,66.0,207.234,3.4,9706.8,12053.3,110284.0,2519.12104,6286.6616,8.2,-0.15000000000000036,14442.5905963204,16728.75241593,1,0
2007-07-01,179.11,6.7,2.37357342,2.6,814.649,7309.0,101.4925,4.7,66.0,207.603,3.4,9751.1,12066.4,110195.0,2533.66767,6321.9219,8.3,-0.2599999999999998,14422.440283891,16669.3712058783,1,0
2007-08-01,178.116,6.57,2.13388077,2.2,811.732,7385.1,101.6874,4.6,65.8,207.667,3.2,9798.9,12070.9,110276.0,2552.76707,6380.609,9.2,-0.34999999999999964,14601.5824015414,16867.8440806121,1,0
2007-09-01,177.55700000000002,6.38,1.94622258,2.3,811.899,7403.2,101.9398,4.7,66.0,208.547,3.1,9845.1,12089.6,110425.0,2566.99536,6443.6542,9.2,-0.4200000000000008,14668.3283146087,16893.3857133339,1,0
2007-10-01,176.623,6.38,1.98911422,2.2,813.658,7417.2,101.6345,4.7,65.8,209.19,3.1,9882.7,12080.4,110739.0,2582.32603,6558.7977,8.5,-0.22999999999999954,14663.9191253421,16878.2174040073,1,0
2007-11-01,175.146,6.21,1.82624712,1.9,819.857,7441.8,102.2068,4.7,66.0,210.834,3.4,9955.9,12070.1,110875.0,2597.6493,6668.5655,9.4,-0.33999999999999986,14715.6678762865,16898.6858665952,1,0
2007-12-01,174.34099999999998,6.1,1.38696881,2.4,820.294,7471.6,102.2604,5.0,66.0,211.445,3.4,9972.8,12120.5,111021.0,2609.47653,6676.648,9.6,-0.14000000000000057,14765.5869984173,16970.4588026102,1,0
2008-01-01,173.13099999999997,5.76,1.39949068,2.6,817.367,7505.5,102.14,5.0,66.2,212.174,3.4,9996.4,12137.1,110924.0,2619.42765,6705.4792,9.3,-0.19999999999999973,14801.2823066609,16990.5055746422,1,0
2008-02-01,171.54,5.92,1.11112286,3.0,814.429,7590.6,101.7671,4.9,66.0,212.687,3.6,9981.7,12141.8,110868.0,2634.49642,6775.4671,9.7,0.7600000000000002,14627.5477323013,16753.9658612344,1,0
2008-03-01,170.051,5.97,1.02522008,2.9,816.645,7656.2,101.4355,5.1,66.1,213.448,4.3,10035.3,12145.9,110680.0,2645.60364,6830.4807,10.5,0.8999999999999999,14690.7839611174,16786.5458522825,1,0
2008-04-01,168.33599999999998,5.92,1.06289422,2.4,813.937,7699.2,100.7424,5.0,65.9,213.942,4.8,10070.3,12100.8,111115.0,2654.24323,6851.6889,10.3,1.4000000000000004,14757.3934634211,16846.2062913209,1,0
2008-05-01,166.658,6.04,1.40051629,6.8,817.686,7711.2,100.132,5.4,66.1,215.208,5.2,10132.3,12696.2,111150.0,2660.19315,6831.3535,10.7,1.9,14802.3304636986,16891.0801174082,1,0
2008-06-01,165.016,6.32,1.48755401,4.6,822.827,7728.9,99.8651,5.6,66.1,217.463,5.1,10187.1,12376.6,111420.0,2662.40952,6857.9813,10.7,2.0999999999999996,15037.3790729176,17094.0866042854,1,0
2008-07-01,163.565,6.43,1.44558109,3.6,829.946,7775.4,99.4214,5.8,66.1,219.016,5.1,10185.1,12188.7,111572.0,2665.32126,6860.5417,10.5,2.0,14972.3754357415,16971.848414247,1,0
2008-08-01,161.987,6.48,1.35649733,3.1,830.514,7790.2,97.8448,6.1,66.1,218.69,4.8,10175.7,12120.6,111724.0,2662.23778,6865.3473,11.3,1.8900000000000001,14917.1821708126,16891.6395539975,1,0
2008-09-01,160.30700000000002,6.04,1.23957472,3.9,833.942,7859.5,93.559,6.1,66.0,218.877,4.3,10116.4,12149.0,111893.0,2657.38913,7008.5444,10.9,1.88,14807.4393934024,16701.0263076844,1,0
2008-10-01,158.326,6.2,1.48506331,4.9,849.122,7965.3,94.4956,6.5,66.0,216.995,3.9,10034.1,12240.5,112073.0,2660.7295,7161.6954,11.6,2.84,14694.5261657369,16566.7586404116,1,0
2008-11-01,156.141,6.09,1.63162854,6.0,864.074,8015.8,93.2689,6.8,65.9,213.153,2.9,9885.2,12345.9,111792.0,2651.48139,7088.9041,11.4,3.1399999999999997,14700.0675236496,16587.0847858247,1,0
2008-12-01,153.618,5.29,0.97537985,5.8,877.883,8192.1,90.628,7.3,65.8,211.398,1.7,9801.5,12288.8,111696.0,2643.78896,7210.322,11.2,2.26,14430.03331071,16303.4446750234,1,0
2009-01-01,151.506,5.05,0.93854104,5.9,886.184,8273.7,88.3811,7.8,65.7,211.933,2.2,9847.2,12361.5,111079.0,2647.02886,7270.3678,12.2,2.37,14481.0582199006,16350.2421299064,1,0
2009-02-01,150.014,5.13,1.03930649,5.4,894.156,8303.1,87.8412,8.3,65.8,212.705,1.9,9824.5,12241.9,111413.0,2638.53274,7257.6021,10.5,2.65,14442.8591558371,16290.015282969,1,0
2009-03-01,148.66,5.0,1.25074177,5.8,900.752,8369.3,86.4794,8.7,65.6,212.495,2.0,9773.2,12242.7,111612.0,2622.82785,7288.5714,11.0,2.6399999999999997,14368.7886243105,16255.4173013001,0,0
2009-04-01,147.94799999999998,4.81,0.71281967,6.5,903.412,8372.9,85.7883,9.0,65.7,212.709,2.8,9772.5,12320.0,112106.0,2615.97301,7331.1754,10.7,2.7800000000000002,14360.2773835718,16253.9569033489,0,0
2009-05-01,147.69299999999998,4.86,1.0174109,7.8,905.514,8430.7,84.9516,9.4,65.7,213.022,2.8,9791.6,12500.1,111950.0,2610.01078,7443.7348,9.3,3.11,14377.7645624369,16278.6365472062,0,0
2009-06-01,148.089,5.42,1.32210554,6.1,907.576,8440.5,84.6928,9.5,65.7,214.79,3.1,9852.4,12273.2,112302.0,2591.47541,7515.9536,8.5,3.5100000000000002,14405.6660540006,16275.5706097462,0,0
2009-07-01,148.408,5.22,1.26690282,5.4,909.56,8445.1,85.7044,9.5,65.5,214.726,2.9,9886.3,12218.7,111298.0,2590.85498,7494.7635,7.9,3.4,14376.261511086,16261.7462258765,0,0
2009-08-01,148.27700000000002,5.19,1.15904037,4.4,910.774,8445.0,86.6617,9.6,65.4,215.445,2.8,10004.1,12194.8,111427.0,2582.12601,7529.5812,7.5,3.4299999999999997,14480.5087114101,16349.1016524296,0,0
2009-09-01,148.024,5.06,0.94923764,5.5,912.969,8444.2,87.4033,9.8,65.1,215.861,2.2,9927.8,12230.6,111651.0,2576.59439,7556.0739,7.8,3.25,14489.8757776245,16368.8457327108,0,0
2009-10-01,147.849,4.95,0.99714116,5.1,915.317,8471.1,87.6035,10.0,65.0,216.509,2.9,9976.7,12193.2,111698.0,2563.42273,7592.8615,7.4,3.27,14693.4808733315,16570.2947070855,0,0
2009-11-01,148.135,4.88,1.06141004,5.5,918.242,8500.8,87.9559,9.9,65.0,217.234,2.7,9985.7,12224.4,111797.0,2551.56929,7659.1071,7.6,3.28,14665.2378719964,16512.6004204167,0,0
2009-12-01,147.929,4.93,0.84804056,5.4,924.315,8496.0,88.2468,9.9,64.6,217.347,2.5,10052.6,12280.2,111636.0,2555.01664,7696.2232,8.0,3.4699999999999998,14595.0282547859,16426.2158311454,0,0
2010-01-01,147.39600000000002,5.03,1.29792486,5.6,921.235,8458.1,89.1911,9.8,64.8,217.488,2.8,10056.1,12285.8,111686.0,2543.50802,7674.311,8.1,3.62,14707.2222064884,16526.0293230637,0,0
2010-02-01,145.632,4.99,1.12451541,5.3,927.21,8507.4,89.4972,9.8,64.9,217.281,2.7,10093.4,12292.0,111881.0,2530.02428,7701.4512,8.3,3.56,14735.2785531302,16561.0175296451,0,0
2010-03-01,145.858,4.97,0.99873153,5.3,932.535,8504.5,90.1419,9.9,64.9,217.353,2.7,10156.0,12340.3,111983.0,2536.55195,7693.4458,7.1,3.57,14851.3292404473,16661.6410525064,0,0
2010-04-01,146.403,5.1,1.3091053,6.0,935.054,8535.2,90.4591,9.9,65.2,217.403,2.9,10182.3,12447.1,112126.0,2532.76479,7695.7196,6.2,3.65,14946.0514856465,16725.2584027214,0,0
2010-05-01,146.394,4.89,1.22638786,6.4,937.474,8589.9,91.702,9.6,64.9,217.29,3.2,10210.8,12540.3,112299.0,2521.68794,7679.0372,9.3,3.2199999999999998,14956.4752253673,16714.2670248472,0,0
2010-06-01,145.72,4.74,1.01936098,6.2,941.363,8609.0,91.8997,9.4,64.6,217.199,2.8,10231.3,12544.3,112220.0,2518.41641,7686.1718,8.3,3.02,15038.0522888724,16790.7313897861,0,0
2010-07-01,144.99,4.56,0.84675907,6.1,944.765,8618.8,92.2522,9.4,64.6,217.605,2.7,10268.1,12554.2,111612.0,2521.1048,7721.6594,8.9,2.8299999999999996,15111.8085536464,16866.2985981128,0,0
2010-08-01,143.914,4.43,0.65616389,6.2,946.088,8669.1,92.5899,9.5,64.7,217.923,2.7,10307.1,12591.4,111604.0,2520.42213,7764.3578,8.8,2.5100000000000002,15108.6699677179,16835.2130850368,0,0
2010-09-01,143.018,4.35,0.57706775,6.1,951.33,8700.1,92.8564,9.5,64.6,218.275,2.2,10327.1,12589.9,112527.0,2522.09423,7795.5575,7.6,2.46,15204.3424786548,16915.9602158143,0,0
2010-10-01,142.528,4.23,0.40880525,5.9,960.369,8749.4,92.6037,9.4,64.4,219.035,2.7,10386.4,12592.5,112516.0,2530.106,7834.7012,8.2,2.35,15287.486913644,16965.4987272985,0,0
2010-11-01,142.16899999999998,4.3,0.33888956,5.8,970.89,8770.0,92.6773,9.8,64.6,219.59,3.0,10433.6,12605.1,112403.0,2531.23226,7882.3243,8.2,2.57,15264.3108723289,16903.9733643654,0,0
2010-12-01,142.056,4.71,0.62620927,6.2,979.39,8801.8,93.5851,9.3,64.3,220.472,3.0,10471.0,12680.6,112434.0,2646.81126,7871.9658,7.0,3.11,15376.6242140423,17013.8188346163,0,0
2011-01-01,141.518,4.76,0.86397716,6.6,978.912,8823.1,93.3944,9.1,64.2,221.187,3.4,10514.3,12740.1,112327.0,2657.3601,7895.0214,7.3,3.22,15257.721409033,16865.3530144583,0,0
2011-02-01,140.347,4.95,0.82968718,6.9,987.088,8886.9,92.993,9.0,64.1,221.898,3.4,10540.6,12776.6,112219.0,2663.77992,7924.7443,8.1,3.42,15282.9022599033,16841.0745092145,0,0
2011-03-01,139.97799999999998,4.84,0.87385088,6.3,1000.695,8943.5,93.982,9.0,64.2,223.046,4.6,10619.7,12742.7,111946.0,2672.03136,7988.6212,7.2,3.27,15513.7203310198,17056.0701727678,0,0
2011-04-01,140.00799999999998,4.84,0.97750283,6.3,1009.366,9004.9,93.6525,9.1,64.2,224.093,4.6,10652.1,12721.3,112382.0,2679.97392,8068.3647,6.7,3.36,15584.4240576908,17097.4410140902,0,0
2011-05-01,139.904,4.64,0.71147484,6.3,1016.664,9075.5,93.7775,9.0,64.1,224.806,4.1,10672.2,12705.3,112573.0,2683.971,8156.0305,6.6,3.08,15567.1530155506,17037.9374234258,0,0
2011-06-01,139.86,4.51,0.49226699,6.5,1023.527,9151.0,94.0467,9.1,64.0,224.806,3.8,10694.8,12756.9,112464.0,2693.0883,8195.4717,6.6,2.91,15521.0399268004,16970.7145206044,0,0
2011-07-01,139.72899999999998,4.55,0.57395235,6.7,1029.57,9316.6,94.4931,9.0,64.0,225.395,3.4,10731.6,12805.6,113269.0,2717.49471,8269.5147,6.7,2.93,15615.9508079949,17025.6162708585,0,0
2011-08-01,139.30700000000002,4.27,0.39497491,6.7,1033.04,9507.6,95.0969,9.0,64.1,226.106,3.5,10750.3,12799.7,113529.0,2709.1147,8351.4769,6.5,2.1999999999999997,15716.139635815,17097.1819599039,0,0
2011-09-01,138.667,4.11,0.21493888,6.4,1038.738,9528.3,95.0281,9.0,64.2,226.597,3.3,10783.2,12781.7,113850.0,2720.06046,8377.6409,6.3,1.9,15610.9495561933,16971.8991967181,0,0
2011-10-01,137.951,4.07,0.09856249,6.3,1042.129,9562.1,95.6924,8.8,64.1,226.75,3.2,10802.9,12791.9,114133.0,2727.95336,8373.8373,6.0,2.08,15858.137148239,17256.8885957793,0,0
2011-11-01,137.151,3.99,0.13706953,6.4,1055.231,9612.6,95.6913,8.6,64.1,227.169,3.2,10806.8,12782.7,114067.0,2746.76076,8400.1437,5.7,1.9299999999999997,15837.8508320471,17204.0990271501,0,0
2011-12-01,136.673,3.96,0.14446831,7.2,1066.406,9660.1,96.1938,8.5,64.0,227.223,3.1,10817.8,12898.5,114058.0,2756.22486,8421.6799,5.3,1.91,15830.7890197099,17207.5699567631,0,0
2012-01-01,136.608,3.92,0.14610051,7.4,1069.691,9733.3,96.779,8.3,63.7,227.842,3.3,10896.8,12967.5,114260.0,2769.93098,8477.2716,5.3,1.89,15937.3607754506,17267.0329261016,0,0
2012-02-01,136.533,3.89,0.02185103,7.3,1080.197,9785.7,97.0959,8.3,63.8,228.329,3.3,10987.2,13029.6,114167.0,2777.80358,8557.4296,4.8,1.8699999999999999,16211.1457863658,17510.2606830209,0,0
2012-03-01,137.904,3.95,0.16923691,7.6,1095.166,9830.6,96.5919,8.2,63.8,228.807,3.9,10993.9,13066.4,113940.0,2791.56594,8603.0182,4.9,2.04,16057.908438119,17324.3072893393,0,0
2012-04-01,139.154,3.91,0.19464573,7.9,1099.978,9884.6,97.2942,8.2,63.7,229.187,3.2,11018.5,13116.5,114055.0,2802.54618,8640.986,4.9,1.9099999999999997,16179.9416196951,17412.9384932139,0,0
2012-05-01,140.154,3.8,-0.08722198,7.9,1103.669,9928.4,97.4853,8.2,63.7,228.713,3.0,11006.8,13112.5,114217.0,2818.39729,8668.7872,4.7,1.6400000000000001,16224.1870038968,17475.9577672575,0,0
2012-06-01,141.029,3.68,-0.04815105,7.9,1108.545,9999.3,97.4959,8.2,63.8,228.524,3.1,10989.8,13097.2,114328.0,2829.85078,8732.8781,4.8,1.4600000000000002,16217.2163763932,17445.3091608561,0,0
2012-07-01,141.66899999999998,3.55,-0.05482603,7.0,1113.756,10051.8,97.6922,8.2,63.7,228.59,3.0,11016.8,12999.8,114448.0,2840.09463,8798.8039,4.6,1.37,16319.4081371068,17518.0627514125,0,0
2012-08-01,142.279,3.6,-0.06008478,6.7,1115.866,10121.3,97.3061,8.1,63.5,229.918,3.6,11056.0,12961.6,114720.0,2857.10779,8863.859,4.6,1.5499999999999998,16274.3323714122,17414.989524725,0,0
2012-09-01,142.907,3.5,-0.16925714,7.2,1126.389,10200.8,97.2383,7.8,63.6,231.015,3.3,11105.3,13053.1,114916.0,2865.78973,8917.8458,4.5,1.58,16364.8824914915,17476.6220058043,0,0
2012-10-01,143.6,3.38,-0.09317224,7.8,1134.623,10267.3,97.5425,7.8,63.8,231.638,3.1,11137.4,13142.0,115116.0,2881.76267,8994.019,4.9,1.59,16336.6707099825,17407.0398637178,0,0
2012-11-01,144.583,3.35,-0.00573705,8.7,1149.019,10337.6,97.934,7.7,63.6,231.249,3.1,11178.4,13315.7,114953.0,2903.31606,9108.5651,4.6,1.49,16405.8714964768,17485.9276018676,0,0
2012-12-01,145.5,3.35,-0.17237745,10.9,1156.695,10459.7,98.1984,7.9,63.7,231.221,3.2,11181.2,13642.7,115031.0,2912.90502,9234.7449,4.5,1.56,16518.7147935303,17577.3654445472,0,0
2013-01-01,146.825,3.41,0.08440142,4.9,1160.082,10482.9,98.2029,8.0,63.7,231.679,3.3,11252.4,12845.5,114786.0,2931.60507,9265.5094,4.0,1.77,16678.1577590167,17719.6048298355,0,0
2013-02-01,147.783,3.53,0.17210018,4.7,1164.584,10501.3,98.6733,7.7,63.4,232.937,3.3,11290.5,12813.9,114714.0,2953.51555,9263.0308,4.1,1.83,16603.312535653,17601.696027063,0,0
2013-03-01,149.96200000000002,3.57,0.05034072,4.8,1174.354,10558.3,99.0788,7.5,63.3,232.282,3.2,11290.1,12852.1,114430.0,2963.14705,9323.1423,4.2,1.8199999999999998,16663.0967052947,17666.6281608029,0,0
2013-04-01,151.517,3.45,-0.02421188,5.1,1178.421,10586.3,98.9658,7.6,63.4,231.797,3.1,11281.1,12893.4,114372.0,2972.77407,9357.9025,4.4,1.61,16681.4686347306,17698.0111099307,0,0
2013-05-01,152.84799999999998,3.54,-0.01939123,5.3,1185.026,10621.0,99.0567,7.5,63.4,231.893,3.1,11321.6,12954.2,114998.0,2988.68168,9386.1261,4.6,1.8199999999999998,16667.5326882767,17652.7044478586,0,0
2013-06-01,154.19799999999998,4.07,0.22769375,5.4,1189.693,10678.7,99.2424,7.5,63.4,232.445,3.0,11344.4,12955.7,114663.0,3000.93608,9427.6944,4.1,2.21,16837.0596770072,17779.0219361012,0,0
2013-07-01,155.601,4.37,0.54638104,5.2,1196.581,10718.4,98.9258,7.3,63.3,232.9,3.1,11372.6,12941.8,114490.0,3014.7399,9484.053,5.5,2.49,16880.7489715426,17802.7338458823,0,0
2013-08-01,156.96200000000002,4.46,0.47506869,5.2,1198.798,10776.6,99.5059,7.2,63.3,233.456,3.0,11406.6,12969.6,114799.0,3030.28241,9530.095,5.5,2.66,16985.8169374805,17894.0323968371,0,0
2013-09-01,158.224,4.49,0.54083451,5.3,1206.327,10837.2,100.0391,7.2,63.2,233.544,3.3,11445.9,13027.5,115013.0,3045.86157,9584.8034,5.4,2.73,16994.9480909532,17885.3119585841,0,0
2013-10-01,159.24,4.19,0.49296942,4.7,1213.425,10961.6,99.9203,7.2,62.8,233.669,3.0,11498.0,12974.6,115006.0,3063.41679,9683.8122,4.9,2.5300000000000002,17116.015177509,17983.9436268458,0,0
2013-11-01,160.07399999999998,4.26,0.48963774,4.5,1220.844,10969.7,100.1661,6.9,63.0,234.1,2.9,11562.5,12998.9,115056.0,3075.87954,9718.0883,5.0,2.64,17221.8794922362,18054.9957148251,0,0
2013-12-01,160.994,4.46,0.41829993,4.5,1230.286,11035.0,100.3777,6.7,62.9,234.719,3.0,11593.2,13019.1,114826.0,3090.46778,9791.9676,5.2,2.81,17238.1623302953,18010.1915843271,0,0
2014-01-01,161.92600000000002,4.43,0.68063671,5.2,1231.631,11080.8,99.999,6.6,62.9,235.288,3.1,11578.8,13079.5,114764.0,3110.60985,9861.9371,5.1,2.79,17136.4634120361,17898.4709440072,0,0
2014-02-01,162.525,4.3,0.50867731,5.3,1237.534,11178.8,100.7583,6.7,62.9,235.547,3.2,11636.9,13148.0,114728.0,3129.30788,9923.3404,5.3,2.64,17215.4119177142,17986.8203135664,0,0
2014-03-01,163.085,4.34,0.58045318,5.2,1261.586,11208.1,101.7767,6.7,63.1,236.028,3.2,11722.3,13219.9,114627.0,3146.70011,9991.0317,5.6,2.64,17241.338670279,17977.3393217238,0,0
2014-04-01,163.392,4.34,0.7022221,5.4,1270.128,11257.7,101.8425,6.2,62.8,236.468,3.2,11762.3,13270.2,115011.0,3169.6519,10073.5801,5.7,2.62,17401.8169984185,18106.7479297133,0,0
2014-05-01,163.659,4.19,0.62685415,5.6,1275.948,11321.0,102.2594,6.3,62.9,236.918,3.3,11807.3,13312.9,115272.0,3188.74684,10139.9365,5.2,2.47,17544.7394854017,18202.0710493954,0,0
2014-06-01,164.06,4.16,0.62452944,5.6,1279.375,11374.9,102.5986,6.1,62.8,237.231,3.1,11861.7,13360.4,115097.0,3205.64097,10163.3504,5.7,2.5,17608.9675160781,18249.6155983674,0,0
2014-07-01,164.574,4.13,0.59099495,5.5,1284.825,11429.9,102.8163,6.2,62.9,237.498,3.3,11904.4,13386.8,115050.0,3227.13036,10217.1871,6.2,2.45,17747.9248644824,18362.2688294,0,0
2014-08-01,165.21400000000003,4.12,0.6494057,5.3,1287.503,11458.9,102.6562,6.1,62.9,237.46,3.2,11983.7,13445.9,115048.0,3243.67113,10212.2371,5.4,2.33,17861.8433900439,18467.6188405805,0,0
2014-09-01,165.90400000000002,4.16,0.58085993,5.5,1290.772,11499.8,102.9776,5.9,62.8,237.477,3.0,11991.4,13486.3,115831.0,3259.64119,10334.26,5.4,2.44,17802.9157454141,18391.6516657996,0,0
2014-10-01,166.641,4.04,0.7009647,5.4,1294.037,11566.0,102.9892,5.7,62.9,237.43,2.9,12064.7,13550.7,116441.0,3270.27532,10294.3607,5.3,2.21,17906.5222396107,18495.4747657455,0,0
2014-11-01,167.334,4.0,0.71330026,5.6,1309.492,11604.8,103.6402,5.8,62.9,236.983,2.8,12083.9,13624.4,116674.0,3282.76687,10373.9828,5.7,2.24,17926.0589175594,18509.3816412899,0,0
2014-12-01,168.049,3.86,0.38472537,6.0,1326.698,11684.9,103.6345,5.6,62.8,236.252,2.8,12096.1,13719.1,116827.0,3309.53985,10466.2336,5.1,2.09,17903.6558428254,18495.8568258173,0,0
2015-01-01,168.63299999999998,3.67,0.7099428,6.3,1333.447,11745.6,102.8239,5.7,62.9,234.747,2.5,12066.7,13797.7,116349.7,3317.00632,10514.5362,4.8,1.7699999999999998,18001.4209821348,18650.9556787728,0,0
2015-02-01,169.128,3.71,0.53838038,6.4,1341.256,11879.0,102.1513,5.5,62.7,235.342,2.8,12116.6,13848.0,116253.2,3333.95732,10614.6962,4.5,1.8699999999999999,18122.9192118771,18729.9010862166,0,0
2015-03-01,169.798,3.77,0.75170542,5.9,1354.764,11886.8,101.824,5.4,62.6,235.976,3.0,12176.1,13811.3,116116.8,3358.41892,10663.8932,5.1,1.93,18066.2468059596,18619.5555189577,0,0
2015-04-01,170.297,3.67,0.41032252,5.9,1359.926,11928.9,101.244,5.4,62.8,236.222,2.6,12209.1,13842.0,117341.6,3379.44214,10683.0136,4.9,1.8199999999999998,18241.1601622008,18782.6482225815,0,0
2015-05-01,170.88099999999997,3.84,0.53392144,5.8,1364.57,11957.9,100.783,5.6,62.9,237.001,2.8,12275.4,13865.6,117173.0,3396.64095,10702.6006,5.0,2.08,18258.232087015,18750.5585935178,0,0
2015-06-01,171.467,3.98,0.5537778,5.7,1366.158,12001.7,100.4781,5.3,62.7,237.657,2.7,12307.9,13874.1,117342.7,3420.71268,10737.2731,5.4,2.23,18339.959750827,18813.9411373026,0,0
2015-07-01,172.128,4.05,0.6670749,5.6,1369.775,12051.3,101.1052,5.2,62.6,238.034,2.8,12364.9,13905.7,117145.5,3439.22065,10783.401,5.2,2.19,18367.7344111023,18820.1336912388,0,0
2015-08-01,172.937,3.91,0.54830556,5.6,1375.053,12101.9,100.9442,5.1,62.6,238.033,2.8,12396.2,13935.8,117166.2,3454.10766,10833.918,5.0,2.03,18381.3489506343,18833.1290596978,0,0
2015-09-01,173.828,3.89,0.51245991,5.8,1383.872,12160.8,100.6507,5.0,62.4,237.498,2.8,12386.4,13972.2,117748.2,3481.54879,10864.9729,5.9,2.03,18455.7946382874,18919.3933799873,0,0
2015-10-01,174.791,3.8,0.52877171,5.8,1391.429,12195.9,100.1871,5.0,62.5,237.733,2.7,12394.9,13996.9,117816.0,3498.15473,10914.3308,5.6,1.9499999999999997,18468.4129271046,18916.4060246625,0,0
2015-11-01,175.737,3.94,0.6662057,5.6,1402.991,12284.6,99.4382,5.1,62.5,238.017,2.7,12423.2,13993.4,117801.0,3512.17734,10964.6965,5.5,2.1399999999999997,18389.4467719019,18839.32744902,0,0
2015-12-01,176.54,3.96,0.64742223,5.8,1415.044,12346.8,98.939,5.0,62.7,237.761,2.6,12452.0,14060.2,117707.0,3400.22322,10925.6631,5.1,2.0,18447.5513009082,18921.1729072437,0,0
2016-01-01,177.27,3.87,0.73450597,6.1,1417.331,12469.9,99.4558,4.8,62.7,237.652,2.5,12478.0,14121.1,117607.6,3418.96749,10956.3318,5.6,1.7499999999999998,18492.7089725553,18978.5369328992,0,0
2016-02-01,177.646,3.66,0.538738,5.6,1420.976,12556.7,98.9136,4.9,62.8,237.336,2.5,12554.5,14135.3,117514.0,3436.70178,11008.66,5.5,1.4,18464.6177208889,18953.7798698543,0,0
2016-03-01,178.162,3.69,0.55140742,5.9,1436.877,12616.7,98.1907,5.0,63.0,238.08,2.7,12537.0,14135.4,117401.3,3465.42425,11084.252,5.5,1.5299999999999998,18620.472306611,19073.0963362231,0,0
2016-04-01,178.764,3.61,0.34527268,5.5,1444.638,12700.4,98.4669,5.1,62.9,238.992,2.8,12611.5,14106.2,118252.0,3484.52838,11145.5354,5.0,1.44,18702.0457629591,19089.4940087015,0,0
2016-05-01,179.428,3.6,0.41364983,5.3,1450.998,12766.2,98.2518,4.8,62.7,239.557,2.4,12652.7,14095.5,118369.0,3502.4229,11186.1502,5.1,1.44,18689.4121219371,19044.0942077681,0,0
2016-06-01,180.079,3.57,0.51909852,4.9,1457.506,12829.4,98.7275,4.9,62.7,240.222,2.6,12731.2,14104.9,118215.0,3520.90362,11259.4569,5.3,1.2599999999999998,18743.648115151,19054.7812632551,0,0
2016-07-01,180.825,3.44,0.16534694,5.1,1463.677,12887.7,98.836,4.8,62.8,240.101,2.7,12756.7,14160.1,118466.6,3539.46827,11280.6465,4.5,1.1099999999999999,18777.0059999535,19097.3066598802,0,0
2016-08-01,181.848,3.44,0.22683746,5.1,1464.341,12972.8,98.7554,4.9,62.9,240.545,2.5,12788.1,14176.7,118294.3,3561.2504,11371.1356,5.0,1.1600000000000001,18891.0812761037,19205.5081281922,0,0
2016-09-01,182.821,3.46,0.2160743,5.1,1470.25,13033.6,98.6596,5.0,62.9,241.176,2.4,12846.6,14209.1,119025.9,3582.01653,11379.6292,5.2,1.23,19009.8297238694,19291.0085397735,0,0
2016-10-01,183.747,3.47,0.28979681,5.3,1475.811,13100.5,98.7322,4.9,62.8,241.741,2.4,12867.0,14235.4,118795.9,3597.79039,11376.5403,5.2,1.3599999999999999,18982.6907281608,19218.3242293072,0,0
2016-11-01,184.756,3.77,0.34660933,5.4,1488.54,13173.4,98.3452,4.7,62.7,242.026,2.4,12893.0,14273.6,118654.2,3618.95209,11419.5446,5.2,1.7300000000000002,19103.4101282333,19329.7707999615,0,0
2016-12-01,185.718,4.2,0.70045658,5.0,1499.355,13213.4,99.0314,4.7,62.7,242.637,2.2,13005.9,14313.7,118478.4,3636.43566,11463.7277,5.4,1.9500000000000002,19182.0361436991,19364.9634117789,0,0
2017-01-01,186.801,4.15,0.72565107,5.3,1504.579,13283.4,98.7987,4.7,62.8,243.618,2.6,13063.7,14373.7,118799.0,3653.53657,11523.3217,5.4,1.7800000000000002,19225.3761010596,19352.9949388351,0,0
2017-02-01,187.313,4.17,0.77438158,5.6,1504.655,13358.8,98.4322,4.6,62.9,244.006,2.7,13088.4,14416.8,119038.0,3670.16864,11566.009,5.3,1.7599999999999998,19262.0130709456,19375.1150012836,0,0
2017-03-01,187.991,4.2,0.91650302,5.6,1527.119,13426.9,99.0663,4.4,62.9,243.892,2.5,13139.9,14476.3,118562.0,3685.7897,11625.3766,5.0,1.69,19352.8628279932,19466.9613850349,0,0
2017-04-01,188.723,4.05,0.76575378,5.7,1539.472,13484.9,100.0082,4.4,63.0,244.193,2.5,13169.2,14509.3,119110.0,3699.28826,11667.3664,5.4,1.4,19315.5953153499,19388.8619108512,0,0
2017-05-01,189.615,4.01,0.7764088,6.3,1548.163,13538.1,100.1286,4.4,62.8,244.004,2.6,13171.9,14610.7,119203.0,3713.33139,11719.4808,5.1,1.3899999999999997,19442.9251183285,19518.7220962474,0,0
2017-06-01,190.507,3.9,0.73611135,6.0,1555.21,13559.2,100.3233,4.3,62.8,244.163,2.6,13225.2,14618.7,118385.0,3727.03902,11721.3696,5.3,1.15,19557.4085663321,19613.3055070339,0,0
2017-07-01,191.445,3.97,0.72501612,6.0,1562.592,13618.7,100.0947,4.3,62.9,244.243,2.6,13263.3,14660.2,118490.0,3743.38905,11771.0116,5.8,1.17,19574.7668400416,19595.208973841,0,0
2017-08-01,192.661,3.88,0.67086016,6.1,1565.288,13673.7,99.6642,4.4,62.9,245.183,2.6,13294.6,14678.3,119118.0,3755.20038,11817.3109,6.1,1.05,19666.7429531634,19639.0329100403,0,0
2017-09-01,193.755,3.81,0.56521264,5.9,1578.295,13717.9,99.7686,4.3,63.1,246.435,2.7,13417.3,14706.0,119646.0,3770.25476,11865.6543,5.3,1.0500000000000003,19836.2752067294,19748.0319133412,0,0
2017-10-01,194.799,3.9,0.72914351,6.0,1583.264,13770.1,100.9981,4.2,62.7,246.626,2.4,13447.5,14748.6,120081.0,3794.1245,11933.8703,5.5,1.21,19882.6800190171,19760.7243183721,0,0
2017-11-01,195.947,3.92,0.75219045,5.6,1592.131,13799.9,101.2597,4.2,62.7,247.284,2.5,13540.6,14771.1,120210.0,3816.24197,11951.1383,4.8,1.1900000000000002,20067.4902307073,19911.9532257561,0,0
2017-12-01,197.163,3.95,0.57304923,5.0,1604.544,13857.9,101.4573,4.1,62.7,247.805,2.7,13666.1,14797.9,120263.0,3830.75167,11960.6957,5.6,1.0999999999999999,20161.0937502327,19974.3118193625,0,0
2018-01-01,198.305,4.03,0.87378801,5.7,1611.341,13869.7,101.3939,4.0,62.7,248.859,2.7,13703.3,14886.6,120269.0,3848.36722,11989.3179,6.0,1.1700000000000002,20247.7132826279,19997.9609576501,0,0
2018-02-01,199.226,4.33,1.08846929,5.8,1616.281,13912.3,101.7656,4.1,63.0,249.529,2.7,13738.7,14921.1,119795.0,3864.26423,11982.4982,5.7,1.44,20388.1074983015,20100.1937776315,0,0
2018-03-01,199.965,4.44,1.02953583,5.9,1633.038,13970.2,102.2441,4.0,62.9,249.577,2.8,13793.2,14974.8,119870.0,3876.98446,11999.3292,5.2,1.3299999999999998,20349.8382190821,20034.0443670801,0,0
2018-04-01,200.661,4.47,1.01435433,6.0,1639.951,13988.8,103.3468,4.0,62.9,250.227,2.7,13838.4,15007.2,121081.0,3884.46874,12083.4376,5.6,1.1800000000000002,20465.2462513912,20081.6791074751,0,0
2018-05-01,201.427,4.59,1.2160918,6.0,1650.879,14047.2,102.3911,3.8,62.9,250.792,2.8,13905.0,15057.8,121315.0,3901.13231,12108.4688,5.5,1.28,20622.0031188936,20183.9904118185,0,0
2018-06-01,202.232,4.57,1.24572814,6.3,1661.272,14103.6,103.1924,4.0,63.0,251.018,3.0,13930.4,15119.3,121325.0,3901.09759,12163.2251,5.8,1.09,20655.4866296327,20185.7699656616,0,0
2018-07-01,202.907,4.53,1.15523371,6.5,1669.057,14139.2,103.3334,3.8,63.0,251.214,2.9,13974.8,15184.7,120815.0,3923.98385,12202.787,6.0,0.9800000000000002,20748.3523954018,20255.0944183666,0,0
2018-08-01,203.68400000000003,4.55,1.25524162,6.6,1671.608,14181.3,104.0807,3.8,62.6,251.663,3.0,14014.0,15238.6,121307.0,3942.80786,12232.5401,6.5,0.9800000000000002,20806.9190887872,20287.7989772597,0,0
2018-09-01,204.343,4.63,1.1321469,6.8,1685.515,14212.9,104.1181,3.7,62.8,252.182,2.7,14017.8,15237.5,121940.0,3955.51337,12259.8338,6.6,1.05,20840.9185157215,20285.6044186873,0,0
2018-10-01,205.103,4.83,1.30012681,6.7,1690.132,14222.5,103.9397,3.8,62.9,252.772,2.9,14083.1,15274.1,122378.0,3974.37026,12303.6145,7.2,0.96,20892.5814759523,20286.8440440555,0,0
2018-11-01,205.656,4.87,1.30865835,6.5,1701.602,14236.8,104.0007,3.8,62.9,252.594,2.8,14162.9,15315.2,122474.0,3991.47546,12279.8959,6.4,0.9199999999999999,20914.0469941556,20304.3729665687,0,0
2018-12-01,206.138,4.64,1.25496666,8.4,1706.892,14362.7,103.9946,3.9,63.0,252.767,2.7,14051.6,15506.5,122556.0,4007.04189,12383.3208,7.6,0.56,20946.9725299069,20323.413081661,0,0
2019-01-01,206.522,4.46,1.04043434,8.2,1709.726,14430.0,103.373,4.0,63.1,252.718,2.7,14088.4,15501.7,122429.0,4027.24922,12466.3436,7.0,0.31000000000000005,21081.9595165541,20420.4689190344,0,0
2019-02-01,206.858,4.37,1.06818285,8.5,1707.784,14469.9,102.8292,3.8,63.1,253.322,2.6,14115.5,15553.7,122190.0,4040.80507,12503.5985,6.4,0.28000000000000025,21094.7957712501,20406.0763401708,0,0
2019-03-01,207.074,4.27,0.51720765,7.9,1719.262,14509.9,102.8286,3.8,63.0,254.202,2.5,14240.1,15568.9,122321.0,4053.03859,12565.3876,5.7,0.1599999999999997,21135.6437122084,20418.9296735222,0,0
2019-04-01,207.524,4.14,0.42030375,7.7,1726.409,14541.0,102.2481,3.7,62.8,255.211,2.5,14278.3,15524.4,122515.0,4070.4974,12617.2347,5.8,0.10999999999999988,21280.0486809258,20492.6802687312,0,0
2019-05-01,208.148,4.07,0.5404288,7.3,1732.227,14643.2,102.4192,3.6,62.9,255.29,2.9,14340.8,15519.6,122509.0,4083.63177,12680.8396,6.7,0.009999999999999787,21374.0166096707,20577.0070809366,0,0
2019-06-01,208.65,3.8,0.42130162,7.1,1737.761,14757.7,102.4893,3.6,63.0,255.159,2.7,14391.2,15546.4,122335.0,4092.28567,12764.1517,5.2,-0.31000000000000005,21500.2597094575,20683.9498153923,0,0
2019-07-01,209.281,3.77,0.44057188,6.8,1746.898,14840.6,102.0236,3.7,63.1,255.685,2.6,14471.8,15565.7,122333.0,4116.61616,12791.9923,5.9,-0.33999999999999986,21641.1151034728,20773.2025234758,0,0
2019-08-01,210.083,3.62,0.42005179,7.0,1749.115,14914.6,102.7754,3.6,63.1,256.059,2.7,14525.7,15654.1,122739.0,4130.97126,12832.4788,5.4,-0.5,21691.9046580846,20818.5884723985,0,0
2019-09-01,210.892,3.61,0.23500552,7.2,1762.662,15008.1,102.5315,3.5,63.2,256.511,2.8,14555.6,15691.3,123133.0,4144.08492,12912.3171,5.4,-0.3400000000000001,21749.8262384521,20860.9957142045,0,0
2019-10-01,211.779,3.69,0.36832453,7.3,1769.485,15140.8,101.6022,3.6,63.3,257.244,2.5,14584.0,15718.1,123820.0,4161.39164,13047.8307,5.3,-0.1200000000000001,21774.6392882765,20854.0067259888,0,0
2019-11-01,212.77,3.7,0.43361185,7.1,1785.601,15242.2,102.148,3.6,63.3,257.803,2.5,14678.6,15778.2,123827.0,4163.37466,13137.2659,5.4,0.26,21940.5704262324,21000.160759097,0,0
2019-12-01,213.911,3.72,0.51426493,6.4,1794.26,15320.7,101.884,3.6,63.3,258.616,2.3,14741.3,15684.8,124208.0,4192.19146,13182.2274,5.6,0.31000000000000005,21991.9602854377,20999.2836300422,0,0
2020-01-01,214.971,3.62,0.50509631,7.2,1798.984,15396.0,101.3768,3.6,63.3,259.037,2.5,14815.7,15852.5,124264.0,4208.09962,13265.0936,5.7,0.20999999999999996,22015.2859707777,20959.6729539189,0,1
2020-02-01,215.865,3.47,0.31598579,7.7,1795.984,15450.3,101.633,3.5,63.3,259.248,2.4,14810.7,15918.0,123949.0,4221.73598,13343.4513,5.6,-0.08000000000000007,22119.3550140964,21057.6525249811,0,1
2020-03-01,216.415,3.45,-0.12783745,12.5,1826.076,15978.7,97.6672,4.4,62.6,258.124,2.2,13793.0,15696.3,124960.0,4207.20806,13698.3317,6.5,0.21999999999999997,20984.8980150852,19980.2224293128,0,1
2020-04-01,216.823,3.31,-0.11159442,32.0,1887.38,16997.6,84.5979,14.8,60.1,256.092,2.1,12228.3,18020.2,126050.0,4143.65288,14608.2365,6.9,0.61,18943.087378377,18153.9512820093,0,1
2020-05-01,216.992,3.23,-0.02785652,22.7,1929.729,17851.1,85.9732,13.2,60.8,255.868,3.2,13251.4,17104.6,127045.0,4124.38374,15284.8237,5.4,0.62,19820.1379892957,18962.2282416896,0,1
2020-06-01,217.612,3.16,-0.15369936,18.4,1955.37,18131.7,91.5625,11.0,61.5,256.986,3.0,14027.1,17035.0,127245.0,4133.89116,15480.6605,3.8,0.65,20976.2036323406,19990.7279743714,0,1
2020-07-01,219.373,3.02,-0.3453445,17.9,1978.268,18286.3,95.0144,10.2,61.5,258.278,3.0,14285.1,17193.2,127279.0,4150.96163,15539.31,3.4,0.53,21402.5661906517,20313.31400375,0,1
2020-08-01,222.372,2.94,-0.407134,14.0,2004.524,18346.0,95.8881,8.4,61.7,259.411,3.1,14428.4,16525.8,127333.0,4145.4345,15536.029,3.3,0.55,21627.914995445,20495.8310833269,0,1
2020-09-01,225.821,2.89,-0.34333693,13.2,2026.246,18577.3,95.8444,7.8,61.5,260.029,2.6,14655.0,16607.9,125497.0,4161.629,15674.4271,3.4,0.5900000000000001,21912.4388139309,20729.8177406681,0,1
2020-10-01,229.747,2.83,-0.29173845,12.8,2040.201,18729.1,96.4292,6.8,61.7,260.286,2.6,14702.5,16561.9,125696.0,4166.29283,15771.5649,3.3,0.7000000000000001,22045.6282728567,20813.028724183,0,1
2020-11-01,233.183,2.77,-0.21395564,12.1,2055.633,18949.3,96.8564,6.7,61.5,260.813,2.8,14675.8,16368.1,125806.0,4169.805,15901.6727,4.0,0.78,21899.7510035029,20626.0807755294,0,1
2020-12-01,236.453,2.68,-0.23232146,12.0,2070.526,19114.4,97.9754,6.7,61.5,262.035,2.5,14801.8,16406.1,125913.0,4184.85257,16005.2105,4.1,0.8400000000000001,22128.1267236749,20737.1394412204,0,1
2021-01-01,239.52,2.74,-0.23501721,19.3,2093.534,19357.0,98.7836,6.4,61.3,262.65,3.0,15047.3,18107.3,125983.0,4196.98737,16168.3201,4.0,0.9900000000000001,22532.2533348354,21018.186308431,0,1
2021-02-01,242.365,2.81,-0.2308238,12.8,2100.216,19600.0,95.3744,6.2,61.4,263.638,3.3,14948.2,16604.9,125855.0,4214.76585,16354.6,4.9,1.18,22341.473958716,20760.0796839336,0,1
2021-03-01,245.478,3.08,0.01250687,26.1,2115.282,19840.5,98.1351,6.1,61.5,264.914,3.1,15657.6,20422.6,125993.0,4226.82451,16628.8731,4.4,1.54,22926.8277065335,21197.6213342686,0,1
2021-04-01,249.08,3.06,0.11804694,12.3,2154.819,20116.7,98.2886,6.1,61.6,266.67,3.4,15854.1,17316.6,125910.0,4243.28907,16890.2121,4.7,1.5699999999999998,23119.0446791367,21270.7813719504,0,1
2021-05-01,253.426,2.96,0.03694758,9.9,2167.934,20431.0,99.1508,5.8,61.5,268.444,4.6,15890.0,16819.1,126217.0,4270.91459,17093.9532,5.6,1.56,23291.4229634872,21306.998656392,0,0
2021-06-01,258.346,2.98,-0.00566485,8.7,2178.843,20506.6,99.5096,5.9,61.7,270.559,4.2,16108.5,16736.3,126338.0,4418.37831,17125.6428,5.8,1.44,23466.6183573952,21354.9750281522,0,0
2021-07-01,262.803,2.87,0.03504108,9.4,2186.118,20663.0,100.1231,5.4,61.8,271.764,4.7,16150.8,16836.1,126365.0,4436.62595,17229.6675,5.7,1.22,23662.9482964467,21430.5230911557,0,0
2021-08-01,266.796,2.84,-0.26101879,8.7,2187.596,20847.8,100.1255,5.1,61.8,272.87,4.6,16305.6,16791.7,126933.0,4453.62344,17374.9517,6.5,1.19,23817.0154265141,21468.8841168733,0,0
2021-09-01,270.343,2.9,-0.19473087,7.2,2194.822,20964.3,99.0614,4.7,61.7,274.028,4.6,16398.9,16564.3,127445.0,4477.85519,17522.3599,6.0,1.29,24006.9552770974,21553.8840070907,0,0
2021-10-01,273.72900000000004,3.07,0.08790114,6.6,2202.387,21115.6,100.3045,4.5,61.8,276.522,4.8,16613.8,16547.4,127386.0,4495.55003,17638.2476,6.8,1.5,24452.825817749,21779.3214744306,0,0
2021-11-01,277.17,3.07,0.16399788,6.2,2211.54,21315.8,101.1971,4.1,61.9,278.711,4.9,16741.6,16499.8,127357.0,4523.58452,17776.5153,6.0,1.48,24582.3761431823,21783.9098110144,0,0
2021-12-01,281.291,3.1,0.09168917,6.1,2223.817,21549.3,100.886,3.9,62.0,280.887,4.8,16799.2,16418.5,127549.0,4548.53616,17887.0374,5.6,1.39,24928.6070389822,21983.7891661834,0,0
2022-01-01,285.86,3.45,0.3194951,4.1,2233.526,21562.3,101.0227,4.0,62.2,282.599,4.9,16888.6,16080.8,127629.0,4566.0653,17976.4305,5.8,1.68,24859.845226406,21759.6222506334,0,0
2022-02-01,291.134,3.76,0.44159289,4.1,2231.98,21570.7,101.6766,3.8,62.2,284.61,4.9,16999.7,16092.7,127683.0,4597.74603,18022.025,6.2,1.8499999999999999,25013.6540798629,21747.3659932813,0,0
2022-03-01,296.446,4.17,0.34708992,3.4,2257.485,21697.9,102.478,3.6,62.3,287.472,5.4,17203.6,16028.1,127410.0,4636.41284,18082.5494,7.0,1.93,25213.8486937452,21713.7612514287,0,0
2022-04-01,300.566,4.98,0.94940027,3.1,2269.633,21677.1,102.7953,3.7,62.2,288.611,5.4,17310.5,16042.6,127832.0,4664.76321,18148.9766,8.5,2.42,25290.8064285462,21676.4763840377,0,0
2022-05-01,303.776,5.23,1.20389776,3.1,2272.078,21665.5,102.7769,3.6,62.3,291.268,5.3,17384.8,16023.2,128027.0,4691.51361,18116.2317,8.3,2.13,25554.4891136853,21721.7691028696,0,0
2022-06-01,304.693,5.52,1.02509351,2.7,2277.936,21666.1,102.6863,3.6,62.2,294.728,5.3,17550.0,15963.4,128111.0,4724.93985,18069.9161,9.5,1.9300000000000002,25787.5234577593,21730.4704688205,0,0
2022-07-01,303.851,5.41,1.06217493,3.5,2278.913,21703.6,103.1328,3.5,62.1,294.628,5.2,17556.4,16109.3,128138.0,4751.62076,18059.8678,10.1,1.22,25754.9486184235,21705.7772790022,0,0
2022-08-01,301.401,5.22,0.8556253,3.2,2275.173,21659.7,103.2344,3.6,62.4,295.32,4.8,17692.2,16161.4,128117.0,4779.19282,18044.0584,8.7,0.5699999999999998,26129.1477333567,21981.5536875292,0,0
2022-09-01,299.313,6.11,1.20424868,3.0,2280.151,21525.1,103.5283,3.5,62.3,296.539,4.7,17804.0,16184.9,128667.0,4806.78051,17941.9524,9.7,0.96,26099.8206482052,21870.339711254,0,0
2022-10-01,298.921,6.9,1.79733203,3.0,2284.461,21433.2,103.4114,3.6,62.3,297.987,5.0,17915.1,16223.5,129236.0,4842.16583,17790.2969,9.7,0.8999999999999999,26287.1486519279,21905.042062885,0,0
2022-11-01,298.209,6.81,1.93071305,3.3,2292.048,21399.3,103.0707,3.6,62.1,298.598,5.0,17892.5,16229.6,129341.0,4875.03905,17714.1473,9.4,0.11000000000000032,26463.0125014068,22011.1451325647,0,0
2022-12-01,297.346,6.36,1.57612515,3.4,2297.938,21358.3,101.4848,3.5,62.3,298.99,4.3,17943.6,16265.1,129612.0,4894.04256,17741.4223,8.5,-0.47999999999999954,26475.0538467427,22057.9827599924,0,0
2023-01-01,296.951,6.27,1.78309897,4.4,2300.46,21221.7,102.5478,3.4,62.4,300.536,3.9,18229.6,16601.9,129358.0,4916.13768,17714.4586,8.1,-0.8000000000000003,26731.5474866373,22121.4712229079,0,0
2023-02-01,297.517,6.26,1.42020217,4.7,2297.997,21099.8,102.5671,3.6,62.5,301.648,4.2,18296.5,16656.1,129400.0,4927.15816,17671.3415,8.4,-0.8200000000000003,26833.521195131,22112.5521405331,0,0
2023-03-01,298.67400000000004,6.54,2.05963636,5.2,2310.844,20876.0,102.6592,3.5,62.6,301.808,3.6,18282.6,16730.2,128942.0,4945.93754,17439.4138,8.1,-0.9900000000000002,26875.7343181404,22107.3412007859,0,0
2023-04-01,300.265,6.34,1.44391386,5.2,2323.44,20705.4,103.1512,3.4,62.6,302.918,4.7,18363.8,16763.9,129933.0,4960.31462,17254.8607,7.6,-1.37,26923.7021370165,22111.1131255362,0,0
2023-05-01,302.568,6.43,1.53690406,5.3,2333.155,20820.7,102.924,3.7,62.6,303.294,4.2,18407.8,16818.5,130190.0,4959.44635,17274.7781,7.2,-1.4899999999999998,27073.9534293978,22255.0420490802,0,0
2023-06-01,304.593,6.71,1.06063107,4.8,2342.699,20854.5,102.3002,3.6,62.6,303.841,3.3,18485.4,16809.5,130179.0,4971.61106,17316.8828,7.5,-1.33,27191.3804335868,22314.7509692496,0,0
2023-07-01,306.8,6.84,1.4260473,4.4,2340.641,20863.7,103.19,3.5,62.6,304.348,3.4,18595.4,16808.4,130278.0,4983.85483,17343.2912,7.1,-1.2200000000000002,27386.29910011197,22426.221180159508,0,0
2023-08-01,309.226,7.07,1.60209539,4.4,2330.824,20825.5,103.2411,3.8,62.8,306.269,3.5,18651.6,16814.6,130287.0,4969.45447,17325.1125,7.9,-1.1600000000000001,27624.36991062297,22505.479994611793,0,0
2023-09-01,311.255,7.2,1.69970754,3.8,2328.907,20755.3,103.3346,3.8,62.8,307.481,3.2,18791.5,16804.5,130593.0,4980.37201,17323.6952,7.4,-0.9500000000000002,27828.28750165293,22552.28350908714,0,0
